##n,type,x,y,z,radius,parent
1 1 9271.00 601.00 3448.00 11.000 -1
2 3 9266.18 595.35 3438.09 5.000 1
3 3 9265.77 593.39 3437.00 3.000 2
4 3 9264.79 594.21 3434.00 2.000 3
5 3 9264.50 593.40 3431.50 2.000 4
6 3 9263.60 593.90 3429.50 1.000 5
7 3 9262.70 593.60 3427.00 1.000 6
8 3 9261.57 590.76 3427.00 1.000 7
9 3 9261.00 588.44 3426.56 1.000 8
10 3 9261.00 586.44 3424.56 1.000 9
11 3 9260.89 585.67 3422.44 1.000 10
12 3 9260.00 583.67 3421.33 1.000 11
13 3 9260.00 579.89 3420.11 1.000 12
14 3 9260.00 574.33 3419.67 1.000 13
15 3 9256.22 572.56 3417.78 1.000 14
16 3 9254.00 571.00 3416.00 1.000 15
17 3 9252.33 565.67 3416.00 1.000 16
18 3 9251.67 563.44 3415.89 1.000 17
19 3 9251.11 562.56 3415.33 1.000 18
20 3 9250.89 560.78 3414.33 1.000 19
21 3 9250.00 558.44 3413.56 1.000 20
22 3 9249.67 557.89 3411.44 1.000 21
23 3 9249.33 557.56 3411.11 1.000 22
24 3 9248.11 553.89 3411.00 1.000 23
25 3 9247.89 552.44 3410.67 1.000 24
26 3 9247.67 552.11 3410.22 1.000 25
27 3 9246.78 551.89 3409.33 1.000 26
28 3 9245.33 550.78 3408.89 1.000 27
29 3 9244.89 549.00 3408.11 1.000 28
30 3 9244.11 546.89 3408.00 1.000 29
31 3 9244.00 545.44 3407.56 1.000 30
32 3 9243.11 544.56 3405.33 1.000 31
33 3 9241.67 541.33 3404.00 1.000 32
34 3 9240.33 540.00 3403.67 1.000 33
35 3 9239.56 538.44 3403.00 1.000 34
36 3 9238.44 537.89 3402.67 1.000 35
37 3 9237.56 536.44 3402.00 1.000 36
38 3 9236.00 535.67 3401.33 1.000 37
39 3 9235.11 534.56 3400.33 1.000 38
40 3 9234.56 533.44 3400.00 1.000 39
41 3 9232.11 532.89 3400.00 1.000 40
42 3 9231.44 532.56 3400.00 1.000 41
43 3 9231.11 532.00 3399.89 1.000 42
44 3 9231.00 531.33 3399.67 1.000 43
45 3 9231.00 530.33 3398.67 1.000 44
46 3 9230.67 529.89 3397.44 1.000 45
47 3 9230.22 529.67 3397.11 1.000 46
48 3 9227.00 528.11 3396.89 1.000 47
49 3 9225.22 528.00 3395.78 1.000 48
50 3 9222.78 528.00 3392.22 1.000 49
51 3 9222.00 527.67 3391.33 1.000 50
52 3 9221.22 526.78 3391.00 1.000 51
53 3 9218.78 525.22 3391.00 1.000 52
54 3 9217.67 523.44 3390.89 1.000 53
55 3 9216.22 521.78 3390.00 1.000 54
56 3 9214.33 518.78 3389.89 1.000 55
57 3 9213.11 517.22 3388.67 1.000 56
58 3 9212.67 516.00 3387.33 1.000 57
59 3 9211.78 515.22 3387.00 1.000 58
60 3 9211.11 513.89 3387.00 1.000 59
61 3 9210.89 511.11 3387.00 1.000 60
62 3 9210.56 510.44 3387.00 1.000 61
63 3 9208.56 508.44 3387.00 1.000 62
64 3 9206.78 507.22 3387.00 1.000 63
65 3 9205.67 505.33 3387.00 1.000 64
66 3 9204.67 504.33 3387.00 1.000 65
67 3 9200.89 503.11 3387.00 1.000 66
68 3 9198.33 502.67 3387.00 1.000 67
69 3 9196.33 500.00 3386.67 1.000 68
70 3 9193.93 498.11 3383.63 1.000 69
71 3 9193.22 497.67 3383.11 1.000 70
72 3 9191.44 497.00 3382.56 1.000 71
73 3 9190.67 496.89 3381.44 1.000 72
74 3 9190.11 496.33 3380.56 1.000 73
75 3 9189.89 496.00 3379.11 1.000 74
76 3 9189.22 496.00 3377.78 1.000 75
77 3 9186.44 496.00 3376.56 1.000 76
78 3 9185.56 496.00 3374.44 1.000 77
79 3 9184.89 496.00 3374.11 1.000 78
80 3 9182.33 496.00 3373.67 1.000 79
81 3 9180.37 496.56 3372.63 1.000 80
82 3 9177.00 498.00 3369.00 1.000 81
83 3 9176.00 498.11 3368.11 1.000 82
84 3 9175.00 498.67 3367.67 1.000 83
85 3 9173.56 500.67 3366.11 1.000 84
86 3 9172.00 501.00 3366.00 1.000 85
87 3 9168.11 501.00 3365.89 1.000 86
88 3 9167.33 501.00 3365.67 1.000 87
89 3 9166.33 500.89 3364.78 1.000 88
90 3 9166.00 499.89 3364.11 1.000 89
91 3 9165.67 498.33 3364.00 1.000 90
92 3 9163.67 494.33 3364.00 1.000 91
93 3 9161.33 491.78 3363.89 1.000 92
94 3 9161.00 491.33 3363.67 1.000 93
95 3 9160.11 490.56 3362.33 1.000 94
96 3 9160.00 488.00 3362.00 1.000 95
97 3 9260.00 571.00 3417.00 1.000 14
98 3 9260.00 563.44 3413.56 1.000 97
99 3 9260.00 561.78 3411.22 1.000 98
100 3 9260.00 560.67 3410.33 1.000 99
101 3 9260.00 558.33 3409.67 1.000 100
102 3 9260.11 556.78 3408.33 1.000 101
103 3 9261.33 555.22 3407.11 1.000 102
104 3 9262.67 552.67 3407.00 1.000 103
105 3 9263.00 551.11 3406.89 1.000 104
106 3 9263.00 550.33 3406.67 1.000 105
107 3 9263.00 549.33 3405.67 1.000 106
108 3 9263.00 548.56 3403.44 1.000 107
109 3 9263.00 545.33 3402.67 1.000 108
110 3 9263.00 542.67 3401.33 1.000 109
111 3 9263.00 540.33 3400.67 1.000 110
112 3 9263.00 538.67 3399.33 1.000 111
113 3 9263.67 536.78 3398.89 1.000 112
114 3 9264.89 534.22 3397.67 1.000 113
115 3 9265.33 533.00 3396.33 1.000 114
116 3 9265.67 532.56 3396.11 1.000 115
117 3 9266.00 530.44 3395.56 1.000 116
118 3 9266.00 529.22 3393.78 1.000 117
119 3 9266.89 527.67 3392.22 1.000 118
120 3 9267.00 526.78 3391.22 1.000 119
121 3 9267.00 524.67 3389.33 1.000 120
122 3 9267.00 521.67 3387.33 1.000 121
123 3 9266.67 520.44 3386.89 1.000 122
124 3 9265.67 519.22 3386.11 1.000 123
125 3 9264.33 516.67 3386.00 1.000 124
126 3 9263.89 515.44 3385.67 1.000 125
127 3 9263.67 515.00 3385.33 1.000 126
128 3 9262.00 513.33 3384.67 1.000 127
129 3 9261.33 512.67 3384.00 1.000 128
130 3 9260.89 511.67 3382.44 1.000 129
131 3 9260.00 509.33 3381.67 1.000 130
132 3 9260.00 507.67 3380.33 1.000 131
133 3 9260.00 504.33 3379.67 1.000 132
134 3 9260.00 501.33 3378.67 1.000 133
135 3 9260.00 500.78 3378.22 1.000 134
136 3 9260.33 499.89 3376.44 1.000 135
137 3 9261.89 498.56 3374.33 1.000 136
138 3 9262.00 493.33 3373.67 1.000 137
139 3 9261.89 492.00 3373.11 1.000 138
140 3 9261.00 490.00 3372.00 1.000 139
141 3 9261.00 486.67 3370.33 1.000 140
142 3 9261.00 483.00 3370.00 1.000 141
143 3 9259.00 479.00 3366.00 1.000 142
144 3 9259.67 473.22 3364.67 1.000 143
145 3 9260.11 471.11 3364.00 1.000 144
146 3 9260.67 470.00 3363.67 1.000 145
147 3 9261.11 469.33 3362.78 1.000 146
148 3 9262.00 468.67 3360.33 1.000 147
149 3 9262.89 467.56 3358.33 1.000 148
150 3 9263.00 464.44 3357.67 1.000 149
151 3 9263.00 464.00 3357.00 1.000 150
152 3 9261.19 593.96 3424.11 1.000 7
153 3 9260.89 594.00 3422.11 1.000 152
154 3 9260.11 594.00 3419.89 1.000 153
155 3 9259.89 594.00 3416.11 1.000 154
156 3 9259.33 594.00 3414.67 1.000 155
157 3 9258.89 594.89 3412.00 1.000 156
158 3 9258.11 595.33 3410.22 1.000 157
159 3 9257.89 595.89 3409.00 1.000 158
160 3 9257.11 596.11 3407.00 1.000 159
161 3 9257.00 596.44 3406.44 1.000 160
162 3 9256.89 598.56 3405.67 1.000 161
163 3 9256.67 598.89 3405.22 1.000 162
164 3 9256.00 599.00 3403.00 1.000 163
165 3 9256.00 599.33 3400.33 1.000 164
166 3 9256.00 600.33 3399.33 1.000 165
167 3 9256.00 602.67 3398.67 1.000 166
168 3 9256.00 605.22 3397.22 1.000 167
169 3 9256.00 605.89 3395.89 1.000 168
170 3 9256.00 606.11 3393.11 1.000 169
171 3 9256.00 606.44 3392.44 1.000 170
172 3 9256.00 608.56 3391.56 1.000 171
173 3 9256.00 609.67 3389.67 1.000 172
174 3 9256.00 610.00 3388.00 1.000 173
175 3 9256.00 610.00 3378.00 1.000 174
176 3 9256.00 608.89 3372.11 1.000 175
177 3 9257.00 608.00 3364.00 1.000 176
178 3 9258.00 608.00 3360.00 1.000 177
179 3 9258.00 608.11 3354.11 1.000 178
180 3 9258.11 608.67 3352.78 1.000 179
181 3 9258.89 609.11 3351.00 1.000 180
182 3 9259.89 610.11 3349.00 1.000 181
183 3 9260.11 611.89 3347.00 1.000 182
184 3 9260.78 612.00 3345.78 1.000 183
185 3 9261.67 612.33 3345.00 1.000 184
186 3 9262.00 612.89 3343.89 1.000 185
187 3 9263.11 613.00 3340.11 1.000 186
188 3 9264.89 613.00 3337.89 1.000 187
189 3 9265.44 613.00 3335.44 1.000 188
190 3 9266.89 613.67 3334.56 1.000 189
191 3 9267.11 614.89 3332.00 1.000 190
192 3 9268.67 615.11 3328.78 1.000 191
193 3 9269.67 615.89 3327.56 1.000 192
194 3 9269.89 616.00 3326.89 1.000 193
195 3 9270.00 616.00 3306.00 1.000 194
196 3 9262.18 597.66 3428.06 1.000 6
197 3 9262.00 598.56 3427.56 1.000 196
198 3 9262.00 599.44 3426.44 1.000 197
199 3 9262.11 600.00 3426.11 1.000 198
200 3 9262.89 602.00 3425.89 1.000 199
201 3 9263.33 603.78 3425.11 1.000 200
202 3 9264.67 605.22 3424.89 1.000 201
203 3 9264.89 605.78 3424.67 1.000 202
204 3 9265.00 606.67 3423.67 1.000 203
205 3 9265.11 607.00 3422.11 1.000 204
206 3 9265.44 607.00 3421.44 1.000 205
207 3 9266.11 607.00 3421.11 1.000 206
208 3 9267.67 607.33 3421.00 1.000 207
209 3 9269.56 608.33 3421.00 1.000 208
210 3 9272.78 608.33 3420.00 1.000 209
211 3 9274.67 607.89 3418.78 1.000 210
212 3 9275.67 607.11 3417.56 1.000 211
213 3 9276.44 606.11 3415.33 1.000 212
214 3 9279.56 606.00 3414.56 1.000 213
215 3 9280.78 606.00 3412.78 1.000 214
216 3 9284.00 606.00 3411.00 1.000 215
217 3 9284.89 606.00 3409.89 1.000 216
218 3 9285.11 606.67 3407.78 1.000 217
219 3 9285.89 607.78 3406.67 1.000 218
220 3 9286.11 608.67 3405.78 1.000 219
221 3 9287.22 609.11 3404.33 1.000 220
222 3 9287.67 609.44 3404.11 1.000 221
223 3 9288.00 610.56 3403.56 1.000 222
224 3 9288.11 611.33 3401.44 1.000 223
225 3 9288.44 611.67 3401.11 1.000 224
226 3 9289.56 612.44 3401.00 1.000 225
227 3 9290.33 614.56 3400.89 1.000 226
228 3 9290.67 614.89 3400.56 1.000 227
229 3 9291.11 615.33 3398.44 1.000 228
230 3 9291.89 616.67 3397.56 1.000 229
231 3 9292.44 617.00 3395.44 1.000 230
232 3 9293.89 617.67 3394.56 1.000 231
233 3 9294.44 618.00 3393.44 1.000 232
234 3 9295.89 618.11 3392.00 1.000 233
235 3 9296.11 618.89 3390.00 1.000 234
236 3 9296.78 619.00 3388.78 1.000 235
237 3 9298.56 619.33 3387.89 1.000 236
238 3 9299.33 620.11 3386.44 1.000 237
239 3 9300.33 620.67 3386.00 1.000 238
240 3 9302.00 621.00 3386.00 1.000 239
241 3 9303.67 621.00 3385.67 1.000 240
242 3 9305.78 621.00 3383.78 1.000 241
243 3 9306.78 621.33 3383.11 1.000 242
244 3 9309.22 622.78 3383.00 1.000 243
245 3 9309.67 623.33 3383.00 1.000 244
246 3 9310.33 625.67 3383.00 1.000 245
247 3 9311.22 626.67 3382.89 1.000 246
248 3 9311.78 626.89 3382.67 1.000 247
249 3 9313.22 627.00 3381.22 1.000 248
250 3 9315.67 627.00 3379.67 1.000 249
251 3 9316.67 627.00 3378.67 1.000 250
252 3 9317.33 627.00 3375.33 1.000 251
253 3 9318.67 627.00 3373.67 1.000 252
254 3 9319.44 627.00 3371.44 1.000 253
255 3 9321.67 627.11 3369.78 1.000 254
256 3 9322.00 627.89 3367.89 1.000 255
257 3 9322.00 628.00 3364.00 1.000 256
258 3 9269.02 594.15 3437.23 1.000 2
259 3 9271.67 593.67 3435.00 1.000 258
260 3 9272.11 593.00 3433.11 1.000 259
261 3 9273.44 593.00 3428.44 1.000 260
262 3 9275.00 592.33 3427.67 1.000 261
263 3 9277.22 591.89 3425.33 1.000 262
264 3 9279.78 590.11 3422.67 1.000 263
265 3 9282.33 590.00 3420.33 1.000 264
266 3 9283.67 589.67 3420.00 1.000 265
267 3 9285.67 588.67 3420.00 1.000 266
268 3 9286.78 588.11 3419.67 1.000 267
269 3 9288.11 588.00 3419.11 1.000 268
270 3 9291.89 588.00 3418.89 1.000 269
271 3 9293.44 587.33 3418.11 1.000 270
272 3 9295.56 587.00 3417.56 1.000 271
273 3 9296.78 587.00 3415.78 1.000 272
274 3 9298.56 586.89 3414.67 1.000 273
275 3 9299.00 586.33 3413.67 1.000 274
276 3 9299.11 585.67 3411.44 1.000 275
277 3 9300.56 585.00 3410.56 1.000 276
278 3 9301.44 585.00 3408.44 1.000 277
279 3 9302.11 585.00 3408.11 1.000 278
280 3 9306.67 585.00 3407.67 1.000 279
281 3 9308.00 584.67 3406.33 1.000 280
282 3 9310.22 583.22 3406.00 1.000 281
283 3 9310.89 582.33 3405.56 1.000 282
284 3 9311.44 581.33 3404.11 1.000 283
285 3 9312.56 581.00 3403.56 1.000 284
286 3 9313.11 580.67 3402.44 1.000 285
287 3 9314.11 578.44 3401.67 1.000 286
288 3 9314.33 578.11 3401.22 1.000 287
289 3 9315.33 578.00 3400.33 1.000 288
290 3 9319.00 578.00 3400.00 1.000 289
291 3 9322.00 577.11 3399.89 1.000 290
292 3 9323.22 576.89 3399.33 1.000 291
293 3 9324.67 576.11 3398.56 1.000 292
294 3 9325.44 576.00 3397.44 1.000 293
295 3 9326.11 576.00 3397.11 1.000 294
296 3 9328.89 575.89 3397.00 1.000 295
297 3 9330.78 575.11 3396.67 1.000 296
298 3 9332.33 575.00 3395.33 1.000 297
299 3 9334.67 575.00 3394.67 1.000 298
300 3 9336.33 575.00 3393.33 1.000 299
301 3 9343.67 575.00 3392.67 1.000 300
302 3 9349.33 575.00 3387.33 1.000 301
303 3 9353.78 577.00 3384.00 1.000 302
304 3 9354.78 578.00 3381.78 1.000 303
305 3 9356.33 578.11 3379.44 1.000 304
306 3 9358.67 579.00 3378.67 1.000 305
307 3 9359.67 579.00 3377.67 1.000 306
308 3 9360.00 579.11 3376.11 1.000 307
309 3 9360.33 580.00 3373.33 1.000 308
310 3 9361.67 580.00 3371.67 1.000 309
311 3 9362.67 580.00 3369.67 1.000 310
312 3 9363.33 580.89 3367.22 1.000 311
313 3 9365.33 581.11 3364.44 1.000 312
314 3 9366.67 581.89 3363.56 1.000 313
315 3 9367.11 582.89 3361.00 1.000 314
316 3 9367.89 583.67 3359.56 1.000 315
317 3 9368.33 584.00 3357.33 1.000 316
318 3 9369.22 584.11 3356.33 1.000 317
319 3 9369.78 584.33 3356.11 1.000 318
320 3 9372.00 585.00 3356.00 1.000 319
321 3 9373.56 585.00 3355.56 1.000 320
322 3 9374.78 585.00 3353.78 1.000 321
323 3 9376.00 585.00 3353.00 1.000 322
324 4 9263.88 589.47 3447.31 4.000 1
325 4 9261.98 586.53 3447.39 3.000 324
326 4 9260.34 581.76 3446.23 5.000 325
327 4 9255.93 579.12 3447.40 4.000 326
328 4 9257.88 575.35 3445.27 1.000 327
329 4 9258.89 572.89 3445.00 1.000 328
330 4 9259.00 566.00 3445.00 1.000 329
331 4 9257.11 558.89 3445.00 1.000 330
332 4 9257.00 555.00 3445.00 1.000 331
333 4 9258.33 550.33 3445.00 1.000 332
334 4 9260.56 548.56 3445.00 1.000 333
335 4 9260.89 547.89 3445.00 1.000 334
336 4 9261.00 544.00 3445.00 1.000 335
337 4 9261.00 540.89 3444.11 1.000 336
338 4 9261.00 538.00 3444.00 1.000 337
339 4 9259.67 533.33 3444.00 1.000 338
340 4 9259.11 532.22 3443.67 1.000 339
341 4 9259.00 530.56 3441.44 1.000 340
342 4 9259.00 528.44 3440.56 1.000 341
343 4 9259.00 527.56 3439.44 1.000 342
344 4 9259.00 526.89 3439.11 1.000 343
345 4 9259.00 519.11 3438.89 1.000 344
346 4 9258.11 516.89 3438.00 1.000 345
347 4 9258.00 510.00 3438.00 1.000 346
348 4 9257.00 506.00 3438.00 1.000 347
349 4 9257.00 493.00 3438.00 1.000 348
350 4 9256.56 491.44 3438.00 1.000 349
351 4 9255.44 490.67 3438.11 1.000 350
352 4 9255.00 488.00 3439.00 1.000 351
353 4 9255.67 485.56 3437.00 1.000 352
354 4 9255.89 484.22 3436.33 1.000 353
355 4 9256.00 479.44 3435.67 1.000 354
356 4 9256.00 477.00 3435.00 1.000 355
357 4 9257.00 474.00 3435.00 1.000 356
358 4 9258.11 472.00 3434.11 1.000 357
359 4 9258.89 469.89 3434.00 1.000 358
360 4 9259.00 462.00 3434.00 1.000 359
361 4 9259.00 459.67 3433.33 1.000 360
362 4 9258.11 456.89 3433.00 1.000 361
363 4 9257.67 451.33 3433.00 1.000 362
364 4 9256.56 449.44 3433.00 1.000 363
365 4 9254.33 447.67 3433.00 1.000 364
366 4 9253.33 445.67 3433.00 1.000 365
367 4 9253.00 444.00 3433.00 1.000 366
368 4 9253.00 441.00 3433.00 1.000 367
369 4 9250.00 436.00 3428.00 1.000 368
370 4 9249.33 435.67 3428.11 1.000 369
371 4 9249.11 435.22 3428.33 1.000 370
372 4 9248.89 434.00 3428.89 1.000 371
373 4 9248.11 432.00 3429.11 1.000 372
374 4 9248.00 429.89 3429.89 1.000 373
375 4 9247.33 427.78 3430.11 1.000 374
376 4 9247.11 427.33 3430.44 1.000 375
377 4 9246.89 426.67 3432.56 1.000 376
378 4 9246.67 426.22 3432.89 1.000 377
379 4 9246.00 424.11 3433.11 1.000 378
380 4 9246.00 423.44 3433.44 1.000 379
381 4 9246.00 421.67 3435.67 1.000 380
382 4 9246.00 419.11 3436.11 1.000 381
383 4 9246.00 418.44 3436.44 1.000 382
384 4 9246.11 417.67 3437.56 1.000 383
385 4 9246.67 416.67 3438.00 1.000 384
386 4 9247.89 413.00 3438.11 1.000 385
387 4 9248.33 412.00 3438.67 1.000 386
388 4 9249.22 411.22 3439.00 1.000 387
389 4 9251.22 409.33 3439.00 1.000 388
390 4 9252.00 409.00 3439.00 1.000 389
391 4 9258.11 525.32 3435.12 1.000 344
392 4 9258.00 523.33 3432.67 1.000 391
393 4 9258.00 522.56 3430.44 1.000 392
394 4 9258.00 521.44 3429.56 1.000 393
395 4 9258.00 520.67 3426.33 1.000 394
396 4 9258.11 519.33 3423.78 1.000 395
397 4 9258.89 519.00 3421.89 1.000 396
398 4 9259.11 518.33 3419.78 1.000 397
399 4 9260.56 518.00 3418.56 1.000 398
400 4 9261.00 518.00 3417.00 1.000 399
401 4 9261.00 517.56 3415.44 1.000 400
402 4 9261.00 516.44 3414.56 1.000 401
403 4 9261.00 516.11 3413.89 1.000 402
404 4 9261.00 515.89 3411.11 1.000 403
405 4 9261.00 515.56 3410.44 1.000 404
406 4 9261.33 514.33 3410.00 1.000 405
407 4 9261.89 512.89 3410.00 1.000 406
408 4 9262.00 511.44 3409.56 1.000 407
409 4 9262.00 509.00 3407.00 1.000 408
410 4 9262.33 508.33 3406.00 1.000 409
411 4 9263.00 507.89 3404.11 1.000 410
412 4 9263.00 506.56 3400.44 1.000 411
413 4 9263.11 504.00 3399.11 1.000 412
414 4 9263.67 503.11 3398.56 1.000 413
415 4 9264.00 503.00 3397.00 1.000 414
416 4 9264.00 502.89 3394.11 1.000 415
417 4 9264.00 501.11 3390.89 1.000 416
418 4 9264.00 500.67 3385.33 1.000 417
419 4 9264.00 499.33 3383.67 1.000 418
420 4 9264.00 497.33 3379.67 1.000 419
421 4 9264.00 497.00 3378.00 1.000 420
422 4 9264.00 497.00 3370.00 1.000 421
423 4 9264.33 497.00 3368.33 1.000 422
424 4 9266.56 497.00 3366.56 1.000 423
425 4 9267.44 497.00 3365.44 1.000 424
426 4 9269.22 497.00 3364.22 1.000 425
427 4 9269.89 497.33 3363.22 1.000 426
428 4 9270.00 498.00 3361.00 1.000 427
429 4 9270.00 498.00 3350.00 1.000 428
430 4 9255.00 553.89 3446.33 1.000 332
431 4 9254.22 553.11 3446.78 1.000 430
432 4 9251.67 549.44 3447.11 1.000 431
433 4 9250.22 547.78 3448.00 1.000 432
434 4 9243.33 540.67 3448.00 1.000 433
435 4 9242.89 537.11 3448.00 1.000 434
436 4 9242.00 534.00 3448.00 1.000 435
437 4 9241.89 527.11 3448.00 1.000 436
438 4 9240.67 523.33 3448.00 1.000 437
439 4 9238.67 519.33 3448.00 1.000 438
440 4 9236.67 516.33 3448.00 1.000 439
441 4 9232.33 511.78 3447.89 1.000 440
442 4 9232.11 511.33 3447.56 1.000 441
443 4 9231.67 510.89 3446.44 1.000 442
444 4 9231.22 510.67 3446.11 1.000 443
445 4 9228.33 507.78 3445.89 1.000 444
446 4 9227.67 505.22 3444.11 1.000 445
447 4 9225.44 503.56 3444.00 1.000 446
448 4 9223.78 501.22 3444.00 1.000 447
449 4 9222.78 500.33 3443.89 1.000 448
450 4 9221.11 498.56 3442.33 1.000 449
451 4 9220.67 497.33 3442.00 1.000 450
452 4 9218.67 492.33 3442.00 1.000 451
453 4 9215.78 488.22 3442.00 1.000 452
454 4 9209.44 483.56 3442.00 1.000 453
455 4 9208.56 482.44 3442.00 1.000 454
456 4 9205.11 477.56 3440.33 1.000 455
457 4 9204.67 476.44 3439.89 1.000 456
458 4 9203.33 475.56 3439.11 1.000 457
459 4 9202.67 473.33 3439.00 1.000 458
460 4 9201.78 472.33 3438.89 1.000 459
461 4 9201.33 472.11 3438.56 1.000 460
462 4 9200.89 471.67 3437.44 1.000 461
463 4 9199.67 470.00 3435.33 1.000 462
464 4 9199.22 469.67 3435.11 1.000 463
465 4 9196.78 467.22 3435.00 1.000 464
466 4 9193.78 465.22 3435.00 1.000 465
467 4 9191.78 462.22 3435.00 1.000 466
468 4 9188.44 459.56 3435.00 1.000 467
469 4 9186.78 457.22 3435.00 1.000 468
470 4 9184.78 455.22 3435.00 1.000 469
471 4 9184.11 454.22 3434.67 1.000 470
472 4 9183.00 452.67 3433.33 1.000 471
473 4 9182.33 451.67 3433.00 1.000 472
474 4 9181.56 450.44 3433.00 1.000 473
475 4 9179.78 449.22 3433.00 1.000 474
476 4 9178.22 446.78 3433.00 1.000 475
477 4 9175.78 444.22 3433.00 1.000 476
478 4 9175.33 443.78 3432.89 1.000 477
479 4 9174.00 442.00 3432.00 1.000 478
480 4 9170.11 438.56 3430.22 1.000 479
481 4 9169.00 437.00 3430.00 1.000 480
482 4 9168.56 436.44 3430.00 1.000 481
483 4 9166.44 435.56 3430.00 1.000 482
484 4 9166.00 435.00 3430.00 1.000 483
485 4 9162.67 428.33 3430.00 1.000 484
486 4 9160.22 425.78 3430.00 1.000 485
487 4 9157.78 422.22 3430.00 1.000 486
488 4 9154.44 419.56 3430.00 1.000 487
489 4 9152.67 415.33 3430.00 1.000 488
490 4 9150.67 412.33 3430.00 1.000 489
491 4 9148.33 409.67 3430.00 1.000 490
492 4 9147.89 406.11 3430.00 1.000 491
493 4 9147.67 405.33 3430.00 1.000 492
494 4 9146.78 404.22 3430.00 1.000 493
495 4 9140.67 399.33 3430.00 1.000 494
496 4 9139.89 399.11 3430.00 1.000 495
497 4 9136.00 399.00 3430.00 1.000 496
498 4 9134.44 399.00 3430.44 1.000 497
499 4 9134.11 399.00 3431.11 1.000 498
500 4 9128.33 397.67 3433.00 1.000 499
501 4 9127.00 397.11 3433.11 1.000 500
502 4 9126.00 396.67 3433.67 1.000 501
503 4 9124.67 394.44 3434.11 1.000 502
504 4 9124.33 394.11 3434.44 1.000 503
505 4 9124.00 393.56 3435.56 1.000 504
506 4 9123.33 392.11 3436.44 1.000 505
507 4 9122.89 391.67 3438.56 1.000 506
508 4 9122.11 390.56 3439.67 1.000 507
509 4 9121.11 388.00 3440.11 1.000 508
510 4 9121.00 387.44 3440.44 1.000 509
511 4 9121.00 381.33 3447.33 1.000 510
512 4 9121.00 380.33 3449.33 1.000 511
513 4 9121.00 379.56 3452.56 1.000 512
514 4 9121.00 377.33 3454.33 1.000 513
515 4 9120.11 377.00 3457.11 1.000 514
516 4 9119.67 377.00 3460.67 1.000 515
517 4 9118.78 377.11 3461.67 1.000 516
518 4 9116.44 378.11 3462.33 1.000 517
519 4 9116.11 378.33 3462.67 1.000 518
520 4 9116.00 379.00 3463.00 1.000 519
521 4 9253.59 578.18 3447.24 4.000 327
522 4 9251.52 575.50 3447.60 3.000 521
523 4 9248.60 575.20 3449.60 3.000 522
524 4 9247.42 573.50 3450.86 3.000 523
525 4 9245.50 571.00 3451.00 1.000 524
526 4 9242.82 571.36 3451.00 3.000 525
527 4 9240.39 570.53 3451.28 4.000 526
528 4 9236.60 570.03 3451.04 4.000 527
529 4 9234.87 567.67 3450.24 1.000 528
530 4 9233.33 565.00 3448.67 1.000 529
531 4 9232.89 562.78 3445.33 1.000 530
532 4 9231.33 560.78 3443.89 1.000 531
533 4 9230.67 558.44 3442.89 1.000 532
534 4 9229.67 557.22 3441.11 1.000 533
535 4 9228.67 554.33 3441.00 1.000 534
536 4 9227.78 553.33 3440.89 1.000 535
537 4 9227.11 552.56 3440.33 1.000 536
538 4 9227.00 551.00 3439.00 1.000 537
539 4 9227.00 549.56 3435.44 1.000 538
540 4 9226.11 547.00 3429.89 1.000 539
541 4 9225.89 546.41 3428.15 1.000 540
542 4 9225.00 543.67 3425.33 1.000 541
543 4 9224.67 541.44 3423.89 1.000 542
544 4 9224.22 541.11 3423.67 1.000 543
545 4 9222.78 540.37 3421.63 1.000 544
546 4 9221.33 539.11 3418.56 1.000 545
547 4 9218.33 537.11 3415.56 1.000 546
548 4 9218.00 537.00 3415.00 1.000 547
549 4 9217.56 537.00 3414.44 1.000 548
550 4 9215.33 537.00 3413.67 1.000 549
551 4 9214.33 537.00 3412.67 1.000 550
552 4 9211.33 537.00 3406.67 1.000 551
553 4 9210.67 537.00 3403.33 1.000 552
554 4 9209.56 537.00 3400.44 1.000 553
555 4 9207.56 537.00 3398.44 1.000 554
556 4 9205.00 537.00 3397.00 1.000 555
557 4 9204.11 537.11 3396.00 1.000 556
558 4 9203.89 538.33 3393.44 1.000 557
559 4 9203.00 539.00 3393.00 1.000 558
560 4 9202.11 540.00 3392.89 1.000 559
561 4 9201.89 540.89 3392.00 1.000 560
562 4 9200.44 541.00 3390.56 1.000 561
563 4 9199.56 541.00 3388.44 1.000 562
564 4 9198.89 541.00 3388.11 1.000 563
565 4 9197.33 541.33 3388.00 1.000 564
566 4 9196.33 541.89 3387.56 1.000 565
567 4 9195.67 542.11 3386.44 1.000 566
568 4 9195.00 542.67 3385.67 1.000 567
569 4 9193.44 543.11 3384.67 1.000 568
570 4 9192.22 544.00 3382.78 1.000 569
571 4 9191.67 544.00 3382.33 1.000 570
572 4 9186.33 544.00 3380.67 1.000 571
573 4 9184.67 544.00 3379.33 1.000 572
574 4 9183.89 544.00 3379.11 1.000 573
575 4 9182.11 543.89 3379.00 1.000 574
576 4 9180.00 543.11 3378.89 1.000 575
577 4 9179.44 543.00 3378.56 1.000 576
578 4 9178.89 543.00 3376.11 1.000 577
579 4 9178.56 543.00 3375.44 1.000 578
580 4 9178.00 542.89 3375.11 1.000 579
581 4 9177.33 542.67 3375.00 1.000 580
582 4 9175.22 540.78 3375.00 1.000 581
583 4 9174.33 540.11 3374.56 1.000 582
584 4 9174.00 540.00 3373.00 1.000 583
585 4 9174.00 539.67 3371.33 1.000 584
586 4 9173.56 539.11 3370.33 1.000 585
587 4 9170.33 539.00 3368.67 1.000 586
588 4 9169.22 539.00 3367.78 1.000 587
589 4 9166.56 539.00 3363.44 1.000 588
590 4 9162.56 539.00 3359.44 1.000 589
591 4 9161.89 539.00 3359.11 1.000 590
592 4 9158.33 539.00 3358.67 1.000 591
593 4 9156.56 539.00 3356.44 1.000 592
594 4 9155.44 539.33 3355.89 1.000 593
595 4 9155.11 539.67 3355.56 1.000 594
596 4 9154.89 540.33 3353.44 1.000 595
597 4 9154.67 540.78 3353.11 1.000 596
598 4 9152.67 543.56 3353.00 1.000 597
599 4 9152.00 544.00 3353.00 1.000 598
600 4 9225.96 543.03 3429.38 1.000 541
601 4 9226.00 539.11 3430.11 1.000 600
602 4 9226.00 536.89 3430.89 1.000 601
603 4 9226.00 525.89 3431.89 1.000 602
604 4 9226.00 520.00 3432.00 1.000 603
605 4 9224.67 514.33 3432.00 1.000 604
606 4 9223.67 512.33 3432.00 1.000 605
607 4 9222.33 510.67 3432.00 1.000 606
608 4 9221.89 508.11 3432.00 1.000 607
609 4 9221.11 505.89 3432.00 1.000 608
610 4 9220.89 502.11 3432.00 1.000 609
611 4 9220.11 499.89 3432.00 1.000 610
612 4 9219.89 497.11 3432.00 1.000 611
613 4 9218.33 493.67 3432.00 1.000 612
614 4 9218.00 492.00 3432.00 1.000 613
615 4 9218.00 485.00 3432.00 1.000 614
616 4 9220.33 481.33 3435.00 1.000 615
617 4 9220.89 479.89 3435.00 1.000 616
618 4 9221.00 472.00 3435.00 1.000 617
619 4 9220.11 468.89 3435.00 1.000 618
620 4 9220.00 466.11 3434.89 1.000 619
621 4 9220.00 462.67 3433.33 1.000 620
622 4 9220.00 457.33 3431.67 1.000 621
623 4 9220.00 455.00 3430.00 1.000 622
624 4 9220.00 454.11 3428.89 1.000 623
625 4 9220.00 453.67 3425.33 1.000 624
626 4 9220.00 452.67 3424.33 1.000 625
627 4 9220.11 450.11 3424.00 1.000 626
628 4 9221.00 447.00 3424.00 1.000 627
629 4 9221.00 442.00 3424.00 1.000 628
630 4 9220.00 439.00 3420.00 1.000 629
631 4 9220.00 433.00 3420.00 1.000 630
632 4 9232.34 570.21 3452.46 1.000 528
633 4 9230.34 570.07 3450.82 1.000 632
634 4 9228.33 570.37 3449.70 1.000 633
635 4 9227.78 570.78 3449.11 1.000 634
636 4 9227.00 571.33 3447.33 1.000 635
637 4 9226.00 572.33 3446.33 1.000 636
638 4 9225.00 573.67 3445.67 1.000 637
639 4 9223.44 574.44 3445.00 1.000 638
640 4 9222.56 575.89 3444.33 1.000 639
641 4 9221.33 576.33 3444.00 1.000 640
642 4 9220.33 577.22 3443.89 1.000 641
643 4 9219.67 578.78 3443.11 1.000 642
644 4 9218.33 580.33 3443.00 1.000 643
645 4 9217.33 582.00 3442.67 1.000 644
646 4 9217.00 582.78 3441.78 1.000 645
647 4 9217.00 584.33 3440.33 1.000 646
648 4 9216.11 586.44 3439.33 1.000 647
649 4 9215.67 588.56 3438.89 1.000 648
650 4 9214.33 589.33 3438.00 1.000 649
651 4 9213.67 590.78 3437.11 1.000 650
652 4 9213.11 592.11 3437.00 1.000 651
653 4 9212.89 594.56 3436.67 1.000 652
654 4 9211.78 595.78 3436.00 1.000 653
655 4 9210.00 599.00 3436.00 1.000 654
656 4 9209.11 600.44 3435.33 1.000 655
657 4 9208.89 601.89 3435.00 1.000 656
658 4 9208.11 604.11 3435.00 1.000 657
659 4 9207.67 606.67 3435.00 1.000 658
660 4 9205.67 609.56 3434.89 1.000 659
661 4 9203.67 611.78 3433.11 1.000 660
662 4 9202.33 613.33 3433.00 1.000 661
663 4 9201.67 617.67 3433.00 1.000 662
664 4 9200.00 621.00 3433.00 1.000 663
665 4 9199.56 621.56 3433.00 1.000 664
666 4 9196.78 622.78 3433.00 1.000 665
667 4 9195.67 624.67 3433.00 1.000 666
668 4 9193.33 627.33 3433.00 1.000 667
669 4 9192.67 629.67 3433.00 1.000 668
670 4 9190.22 632.22 3433.00 1.000 669
671 4 9188.56 634.56 3433.00 1.000 670
672 4 9187.44 635.44 3433.00 1.000 671
673 4 9183.78 640.78 3433.00 1.000 672
674 4 9180.33 644.33 3433.00 1.000 673
675 4 9178.67 647.67 3433.00 1.000 674
676 4 9177.78 648.78 3433.00 1.000 675
677 4 9174.78 651.78 3433.00 1.000 676
678 4 9172.44 653.44 3433.00 1.000 677
679 4 9171.67 655.56 3433.00 1.000 678
680 4 9171.00 656.00 3433.00 1.000 679
681 4 9172.00 655.00 3438.00 1.000 680
682 4 9172.00 655.78 3438.33 1.000 681
683 4 9172.00 658.78 3441.22 1.000 682
684 4 9172.00 659.67 3442.33 1.000 683
685 4 9172.00 660.00 3444.00 1.000 684
686 4 9228.78 567.59 3454.57 5.000 632
687 4 9226.06 566.46 3454.30 4.000 686
688 4 9223.67 565.33 3454.27 3.000 687
689 4 9221.71 566.21 3454.36 3.000 688
690 4 9218.58 565.16 3455.89 4.000 689
691 4 9214.54 564.21 3457.29 3.000 690
692 4 9211.80 564.40 3457.80 3.000 691
693 4 9209.75 564.50 3459.00 3.000 692
694 4 9207.82 565.46 3459.00 3.000 693
695 4 9205.82 566.18 3458.09 2.000 694
696 4 9204.25 566.25 3457.25 2.000 695
697 4 9202.33 566.00 3457.33 1.000 696
698 4 9200.33 566.33 3458.00 2.000 697
699 4 9197.53 567.53 3458.13 3.000 698
700 4 9195.25 567.25 3460.25 2.000 699
701 4 9193.33 568.33 3460.00 2.000 700
702 4 9191.67 570.40 3459.13 3.000 701
703 4 9188.71 571.36 3459.07 3.000 702
704 4 9186.30 572.30 3460.14 3.000 703
705 4 9183.13 574.37 3461.91 3.000 704
706 4 9179.61 575.47 3462.24 3.000 705
707 4 9176.14 575.45 3459.24 3.000 706
708 4 9173.35 575.59 3460.12 3.000 707
709 4 9171.33 575.33 3461.00 2.000 708
710 4 9169.33 575.33 3461.00 2.000 709
711 4 9167.44 575.56 3460.19 3.000 710
712 4 9165.10 574.66 3458.69 3.000 711
713 4 9163.30 572.77 3461.23 3.000 712
714 4 9160.26 571.97 3459.25 1.000 713
715 4 9159.44 571.56 3459.00 1.000 714
716 4 9158.22 569.78 3459.00 1.000 715
717 4 9157.33 569.11 3458.56 1.000 716
718 4 9156.88 568.33 3457.24 1.000 717
719 4 9155.89 565.00 3455.11 1.000 718
720 4 9155.00 560.78 3454.22 1.000 719
721 4 9155.00 559.56 3452.44 1.000 720
722 4 9155.00 558.89 3452.11 1.000 721
723 4 9154.67 557.33 3452.00 1.000 722
724 4 9153.33 555.78 3451.89 1.000 723
725 4 9153.11 555.33 3451.56 1.000 724
726 4 9152.33 554.67 3450.00 1.000 725
727 4 9151.00 552.67 3448.33 1.000 726
728 4 9148.78 551.22 3448.00 1.000 727
729 4 9147.33 549.00 3447.67 1.000 728
730 4 9146.22 548.11 3446.67 1.000 729
731 4 9144.44 548.00 3445.56 1.000 730
732 4 9143.56 547.33 3444.11 1.000 731
733 4 9141.33 545.78 3443.89 1.000 732
734 4 9140.11 543.56 3442.33 1.000 733
735 4 9140.00 541.33 3441.67 1.000 734
736 4 9139.67 540.33 3441.00 1.000 735
737 4 9138.89 539.33 3438.78 1.000 736
738 4 9138.33 538.56 3438.11 1.000 737
739 4 9138.00 535.89 3437.11 1.000 738
740 4 9137.56 534.44 3437.00 1.000 739
741 4 9135.78 533.89 3436.33 1.000 740
742 4 9134.33 532.11 3435.56 1.000 741
743 4 9132.00 528.00 3431.00 1.000 742
744 4 9129.11 525.67 3425.22 1.000 743
745 4 9128.67 524.33 3424.00 1.000 744
746 4 9126.11 521.56 3421.33 1.000 745
747 4 9125.67 519.33 3421.00 1.000 746
748 4 9124.67 517.33 3421.00 1.000 747
749 4 9124.11 516.33 3420.56 1.000 748
750 4 9123.33 515.11 3418.56 1.000 749
751 4 9123.00 514.67 3416.33 1.000 750
752 4 9122.67 513.00 3414.33 1.000 751
753 4 9121.67 511.22 3413.11 1.000 752
754 4 9120.67 508.44 3412.89 1.000 753
755 4 9119.33 507.67 3411.00 1.000 754
756 4 9118.67 506.89 3409.44 1.000 755
757 4 9117.33 505.00 3408.67 1.000 756
758 4 9116.56 504.33 3408.11 1.000 757
759 4 9115.44 504.00 3407.56 1.000 758
760 4 9115.00 503.67 3406.33 1.000 759
761 4 9114.67 502.33 3405.00 1.000 760
762 4 9112.67 501.00 3403.33 1.000 761
763 4 9111.33 499.11 3402.56 1.000 762
764 4 9110.67 498.89 3401.44 1.000 763
765 4 9108.33 498.00 3400.67 1.000 764
766 4 9107.33 497.89 3399.78 1.000 765
767 4 9107.11 497.56 3399.33 1.000 766
768 4 9106.67 496.33 3399.00 1.000 767
769 4 9105.78 495.33 3398.89 1.000 768
770 4 9105.33 495.11 3398.56 1.000 769
771 4 9104.89 494.67 3397.44 1.000 770
772 4 9104.00 493.67 3396.33 1.000 771
773 4 9102.67 492.33 3396.00 1.000 772
774 4 9099.11 492.00 3395.89 1.000 773
775 4 9098.33 492.00 3395.67 1.000 774
776 4 9097.22 492.00 3394.78 1.000 775
777 4 9095.67 492.00 3392.33 1.000 776
778 4 9094.56 492.00 3389.44 1.000 777
779 4 9092.44 491.89 3388.67 1.000 778
780 4 9092.00 491.33 3387.67 1.000 779
781 4 9091.89 491.00 3386.11 1.000 780
782 4 9091.22 491.00 3384.78 1.000 781
783 4 9090.67 491.00 3384.33 1.000 782
784 4 9088.44 490.89 3383.67 1.000 783
785 4 9087.22 490.00 3381.78 1.000 784
786 4 9085.33 490.00 3380.67 1.000 785
787 4 9082.78 489.89 3378.33 1.000 786
788 4 9081.22 488.67 3377.11 1.000 787
789 4 9078.78 487.22 3377.00 1.000 788
790 4 9078.11 486.22 3376.67 1.000 789
791 4 9077.67 485.11 3375.22 1.000 790
792 4 9076.00 484.67 3372.33 1.000 791
793 4 9075.11 483.89 3371.00 1.000 792
794 4 9074.89 483.00 3370.11 1.000 793
795 4 9074.67 482.33 3370.00 1.000 794
796 4 9072.78 480.33 3369.89 1.000 795
797 4 9071.33 479.56 3369.11 1.000 796
798 4 9069.78 477.22 3369.00 1.000 797
799 4 9066.33 473.67 3369.00 1.000 798
800 4 9065.22 471.78 3369.00 1.000 799
801 4 9062.22 469.78 3369.00 1.000 800
802 4 9058.67 466.33 3369.00 1.000 801
803 4 9053.33 464.67 3369.00 1.000 802
804 4 9051.78 463.33 3369.11 1.000 803
805 4 9050.67 463.00 3369.67 1.000 804
806 4 9048.11 462.89 3370.00 1.000 805
807 4 9047.44 462.67 3370.00 1.000 806
808 4 9047.00 462.00 3370.00 1.000 807
809 4 9159.97 571.59 3462.49 3.000 713
810 4 9154.35 570.50 3461.41 4.000 809
811 4 9151.69 569.46 3461.15 3.000 810
812 4 9149.26 570.09 3460.45 3.000 811
813 4 9148.39 570.15 3457.42 3.000 812
814 4 9146.64 570.07 3455.50 3.000 813
815 4 9143.70 569.28 3455.94 4.000 814
816 4 9137.25 569.53 3456.09 5.000 815
817 4 9133.21 567.68 3454.38 6.000 816
818 4 9129.74 565.99 3455.54 4.000 817
819 4 9127.53 562.47 3455.27 3.000 818
820 4 9124.57 561.37 3455.77 4.000 819
821 4 9121.35 560.18 3455.53 3.000 820
822 4 9119.25 557.63 3458.18 3.000 821
823 4 9116.81 555.84 3454.67 3.000 822
824 4 9113.91 553.61 3454.52 4.000 823
825 4 9108.51 550.65 3455.54 4.000 824
826 4 9106.02 549.15 3454.47 3.000 825
827 4 9102.12 546.45 3454.33 3.000 826
828 4 9098.62 545.23 3455.46 3.000 827
829 4 9096.63 541.90 3452.12 1.000 828
830 4 9095.56 540.44 3451.00 1.000 829
831 4 9093.67 539.33 3451.00 1.000 830
832 4 9091.33 538.67 3451.00 1.000 831
833 4 9090.78 538.22 3451.00 1.000 832
834 4 9088.78 535.22 3451.00 1.000 833
835 4 9084.67 531.33 3451.00 1.000 834
836 4 9083.10 530.43 3450.83 1.000 835
837 4 9079.86 527.86 3449.45 1.000 836
838 4 9076.63 524.13 3448.63 3.000 837
839 4 9076.00 523.00 3447.50 2.000 838
840 4 9074.46 522.39 3447.46 3.000 839
841 4 9072.85 521.15 3446.92 2.000 840
842 4 9071.24 519.53 3447.35 2.000 841
843 4 9070.33 517.42 3447.58 3.000 842
844 4 9068.47 516.32 3447.26 3.000 843
845 4 9067.56 514.31 3447.31 3.000 844
846 4 9066.36 512.64 3447.18 3.000 845
847 4 9064.25 511.25 3448.25 2.000 846
848 4 9063.73 509.20 3447.07 3.000 847
849 4 9061.56 504.78 3445.89 2.000 848
850 4 9058.00 497.00 3442.00 1.000 849
851 4 9057.67 496.89 3441.33 1.000 850
852 4 9057.22 496.67 3441.11 1.000 851
853 4 9056.33 495.78 3440.89 1.000 852
854 4 9055.11 493.56 3439.33 1.000 853
855 4 9054.67 492.33 3439.00 1.000 854
856 4 9053.33 491.00 3438.67 1.000 855
857 4 9052.67 489.44 3437.89 1.000 856
858 4 9052.33 489.11 3437.56 1.000 857
859 4 9051.67 488.00 3435.33 1.000 858
860 4 9050.78 487.22 3435.00 1.000 859
861 4 9049.67 485.44 3434.89 1.000 860
862 4 9048.67 483.33 3434.00 1.000 861
863 4 9047.33 481.78 3433.89 1.000 862
864 4 9046.56 480.33 3433.11 1.000 863
865 4 9044.78 479.22 3433.00 1.000 864
866 4 9042.78 476.33 3432.89 1.000 865
867 4 9042.11 476.00 3431.89 1.000 866
868 4 9042.00 475.89 3430.11 1.000 867
869 4 9042.00 475.56 3429.44 1.000 868
870 4 9041.89 475.00 3429.11 1.000 869
871 4 9041.56 474.44 3429.00 1.000 870
872 4 9039.78 473.22 3429.00 1.000 871
873 4 9038.56 471.44 3429.00 1.000 872
874 4 9037.44 470.67 3428.89 1.000 873
875 4 9036.22 469.67 3428.11 1.000 874
876 4 9035.33 468.78 3427.89 1.000 875
877 4 9033.67 467.00 3426.33 1.000 876
878 4 9033.00 466.00 3426.00 1.000 877
879 4 9031.67 463.33 3426.00 1.000 878
880 4 9029.67 460.33 3426.00 1.000 879
881 4 9027.22 457.78 3426.00 1.000 880
882 4 9025.67 455.33 3426.00 1.000 881
883 4 9023.33 452.67 3426.00 1.000 882
884 4 9021.67 449.33 3426.00 1.000 883
885 4 9020.78 448.22 3426.00 1.000 884
886 4 9019.67 447.33 3426.00 1.000 885
887 4 9017.00 446.11 3426.11 1.000 886
888 4 9015.67 445.22 3426.89 1.000 887
889 4 9012.00 443.00 3429.00 1.000 888
890 4 9008.56 441.33 3429.67 1.000 889
891 4 9006.22 439.78 3430.00 1.000 890
892 4 9003.67 437.33 3430.00 1.000 891
893 4 9000.33 435.67 3430.00 1.000 892
894 4 8998.78 434.22 3430.00 1.000 893
895 4 8998.00 433.33 3429.67 1.000 894
896 4 8996.89 432.67 3427.44 1.000 895
897 4 8996.56 432.33 3427.11 1.000 896
898 4 8994.00 432.00 3427.00 1.000 897
899 4 9086.31 538.91 3452.78 1.000 833
900 4 9083.11 539.11 3453.00 1.000 899
901 4 9080.00 540.00 3453.00 1.000 900
902 4 9072.00 540.00 3453.00 1.000 901
903 4 9068.89 539.11 3453.00 1.000 902
904 4 9065.00 539.00 3453.00 1.000 903
905 4 9059.33 539.00 3451.67 1.000 904
906 4 9058.33 539.00 3450.67 1.000 905
907 4 9057.56 539.00 3448.44 1.000 906
908 4 9055.33 539.00 3447.67 1.000 907
909 4 9053.67 539.00 3446.33 1.000 908
910 4 9051.22 538.11 3445.67 1.000 909
911 4 9048.33 538.00 3444.67 1.000 910
912 4 9046.56 538.00 3442.44 1.000 911
913 4 9044.78 538.00 3441.22 1.000 912
914 4 9043.56 538.00 3439.44 1.000 913
915 4 9042.89 538.00 3439.11 1.000 914
916 4 9039.33 538.00 3438.67 1.000 915
917 4 9037.44 538.33 3437.89 1.000 916
918 4 9037.11 538.67 3437.56 1.000 917
919 4 9036.89 539.00 3436.11 1.000 918
920 4 9036.56 539.00 3435.44 1.000 919
921 4 9035.89 539.00 3435.11 1.000 920
922 4 9033.11 539.00 3434.89 1.000 921
923 4 9028.78 539.11 3433.33 1.000 922
924 4 9028.22 539.33 3433.11 1.000 923
925 4 9026.67 540.67 3433.00 1.000 924
926 4 9024.33 541.33 3433.00 1.000 925
927 4 9021.67 542.67 3433.00 1.000 926
928 4 9016.67 545.67 3433.00 1.000 927
929 4 9013.11 546.11 3433.00 1.000 928
930 4 9009.11 548.67 3432.56 1.000 929
931 4 9003.67 551.67 3434.00 1.000 930
932 4 9001.33 552.33 3434.00 1.000 931
933 4 8999.33 553.33 3434.00 1.000 932
934 4 8996.33 555.33 3434.00 1.000 933
935 4 8993.67 557.67 3434.00 1.000 934
936 4 8987.78 560.78 3434.00 1.000 935
937 4 8986.56 561.89 3434.67 1.000 936
938 4 8982.00 562.00 3436.00 1.000 937
939 4 8974.00 562.00 3436.00 1.000 938
940 4 8972.33 562.33 3436.00 1.000 939
941 4 8971.00 563.00 3436.00 1.000 940
942 4 9135.00 572.88 3452.75 3.000 816
943 4 9132.39 575.37 3450.80 3.000 942
944 4 9130.00 577.79 3449.71 3.000 943
945 4 9127.76 578.76 3447.72 3.000 944
946 4 9125.53 580.23 3447.35 2.000 945
947 4 9124.79 581.29 3444.07 2.000 946
948 4 9123.55 582.09 3442.46 3.000 947
949 4 9122.25 582.25 3441.25 1.000 948
950 4 9122.00 583.50 3440.00 1.000 949
951 4 9122.00 585.00 3440.00 1.000 950
952 4 9121.00 585.00 3439.50 1.000 951
953 4 9121.00 586.00 3440.00 1.000 952
954 4 9120.25 586.25 3439.25 2.000 953
955 4 9119.17 589.37 3437.26 3.000 954
956 4 9115.65 591.54 3434.20 3.000 955
957 4 9111.92 593.89 3430.76 3.000 956
958 4 9107.67 596.50 3430.25 1.000 957
959 4 9103.89 597.00 3428.11 1.000 958
960 4 9102.44 597.33 3427.89 1.000 959
961 4 9101.56 597.89 3427.33 1.000 960
962 4 9100.11 598.11 3427.00 1.000 961
963 4 9099.33 598.33 3427.00 1.000 962
964 4 9098.22 599.22 3427.00 1.000 963
965 4 9095.78 601.78 3427.00 1.000 964
966 4 9095.00 602.67 3426.67 1.000 965
967 4 9093.89 603.00 3426.11 1.000 966
968 4 9091.44 603.11 3425.67 1.000 967
969 4 9090.67 603.78 3425.11 1.000 968
970 4 9089.67 604.67 3425.00 1.000 969
971 4 9086.44 606.33 3425.11 1.000 970
972 4 9085.56 606.89 3425.67 1.000 971
973 4 9084.11 607.11 3426.00 1.000 972
974 4 9080.00 609.00 3426.00 1.000 973
975 4 9215.79 566.21 3459.00 4.000 690
976 4 9214.30 565.19 3463.79 4.000 975
977 4 9210.09 566.65 3466.78 3.000 976
978 4 9210.38 565.65 3471.27 1.000 977
979 4 9208.79 565.22 3471.53 1.000 978
980 4 9207.89 564.67 3472.56 1.000 979
981 4 9207.33 563.67 3473.00 1.000 980
982 4 9207.00 562.00 3473.00 1.000 981
983 4 9207.11 559.11 3473.00 1.000 982
984 4 9208.00 556.00 3473.00 1.000 983
985 4 9208.00 554.33 3473.33 1.000 984
986 4 9208.00 550.89 3474.89 1.000 985
987 4 9208.00 544.00 3475.00 1.000 986
988 4 9208.89 540.89 3475.00 1.000 987
989 4 9209.00 539.11 3475.11 1.000 988
990 4 9209.89 536.89 3476.00 1.000 989
991 4 9210.11 534.11 3476.00 1.000 990
992 4 9211.33 530.44 3476.11 1.000 991
993 4 9212.67 529.56 3476.89 1.000 992
994 4 9213.33 527.33 3477.00 1.000 993
995 4 9213.89 526.22 3477.33 1.000 994
996 4 9214.11 524.78 3478.67 1.000 995
997 4 9215.00 522.33 3479.33 1.000 996
998 4 9215.11 519.78 3480.67 1.000 997
999 4 9216.89 517.22 3481.33 1.000 998
1000 4 9217.33 516.33 3482.00 1.000 999
1001 4 9218.67 515.67 3483.00 1.000 1000
1002 4 9218.89 515.22 3483.33 1.000 1001
1003 4 9219.11 513.78 3484.67 1.000 1002
1004 4 9219.89 512.22 3485.33 1.000 1003
1005 4 9220.89 510.56 3486.67 1.000 1004
1006 4 9222.11 506.78 3488.67 1.000 1005
1007 4 9222.89 505.67 3489.78 1.000 1006
1008 4 9223.11 504.78 3490.67 1.000 1007
1009 4 9223.89 503.22 3491.33 1.000 1008
1010 4 9224.00 501.78 3492.78 1.000 1009
1011 4 9224.00 499.44 3494.44 1.000 1010
1012 4 9224.11 498.33 3496.22 1.000 1011
1013 4 9224.67 497.67 3497.00 1.000 1012
1014 4 9225.00 496.67 3497.67 1.000 1013
1015 4 9225.00 495.00 3498.00 1.000 1014
1016 4 9225.33 493.44 3498.11 1.000 1015
1017 4 9226.00 492.56 3499.56 1.000 1016
1018 4 9226.00 490.56 3501.56 1.000 1017
1019 4 9227.00 488.00 3503.00 1.000 1018
1020 4 9227.00 485.00 3504.00 1.000 1019
1021 4 9228.33 483.22 3504.00 1.000 1020
1022 4 9229.67 479.67 3504.00 1.000 1021
1023 4 9230.11 475.11 3504.00 1.000 1022
1024 4 9231.67 471.67 3504.00 1.000 1023
1025 4 9232.00 470.00 3504.00 1.000 1024
1026 4 9232.00 466.33 3504.33 1.000 1025
1027 4 9232.00 463.67 3505.67 1.000 1026
1028 4 9232.89 461.22 3506.33 1.000 1027
1029 4 9233.00 458.33 3507.33 1.000 1028
1030 4 9233.33 457.33 3508.00 1.000 1029
1031 4 9234.33 456.33 3509.00 1.000 1030
1032 4 9234.89 455.89 3510.00 1.000 1031
1033 4 9235.33 454.89 3512.56 1.000 1032
1034 4 9236.67 454.11 3513.44 1.000 1033
1035 4 9237.00 453.89 3514.89 1.000 1034
1036 4 9237.00 453.56 3515.56 1.000 1035
1037 4 9237.00 452.44 3516.44 1.000 1036
1038 4 9237.33 451.89 3517.56 1.000 1037
1039 4 9237.67 451.67 3517.89 1.000 1038
1040 4 9238.00 451.00 3518.00 1.000 1039
1041 4 9207.80 565.40 3475.76 4.000 978
1042 4 9205.95 566.09 3479.49 4.000 1041
1043 4 9205.72 565.72 3482.67 3.000 1042
1044 4 9202.53 565.55 3487.49 3.000 1043
1045 4 9200.84 563.41 3487.83 1.000 1044
1046 4 9200.00 561.00 3488.00 1.000 1045
1047 4 9200.00 559.33 3488.33 1.000 1046
1048 4 9200.00 557.33 3489.33 1.000 1047
1049 4 9200.00 553.78 3491.78 1.000 1048
1050 4 9200.00 552.00 3494.00 1.000 1049
1051 4 9199.89 550.00 3494.89 1.000 1050
1052 4 9199.00 548.00 3496.00 1.000 1051
1053 4 9199.00 546.00 3497.00 1.000 1052
1054 4 9199.00 544.22 3499.22 1.000 1053
1055 4 9199.00 542.44 3500.44 1.000 1054
1056 4 9199.00 541.56 3501.56 1.000 1055
1057 4 9199.00 538.33 3502.33 1.000 1056
1058 4 9199.00 534.44 3505.44 1.000 1057
1059 4 9199.00 532.67 3507.67 1.000 1058
1060 4 9199.00 529.67 3509.67 1.000 1059
1061 4 9199.00 527.44 3510.44 1.000 1060
1062 4 9199.00 526.00 3512.00 1.000 1061
1063 4 9199.00 522.33 3513.33 1.000 1062
1064 4 9199.00 519.33 3515.33 1.000 1063
1065 4 9199.00 518.33 3516.33 1.000 1064
1066 4 9199.11 516.67 3519.56 1.000 1065
1067 4 9199.89 515.22 3520.33 1.000 1066
1068 4 9200.00 513.33 3522.33 1.000 1067
1069 4 9200.33 513.00 3524.67 1.000 1068
1070 4 9200.89 512.56 3525.67 1.000 1069
1071 4 9201.00 509.33 3526.33 1.000 1070
1072 4 9201.00 508.33 3527.33 1.000 1071
1073 4 9201.00 507.56 3530.56 1.000 1072
1074 4 9201.89 505.22 3531.33 1.000 1073
1075 4 9202.00 502.22 3534.22 1.000 1074
1076 4 9202.89 500.56 3535.67 1.000 1075
1077 4 9203.00 498.44 3536.44 1.000 1076
1078 4 9203.00 497.56 3537.56 1.000 1077
1079 4 9203.00 494.78 3538.78 1.000 1078
1080 4 9203.00 493.00 3543.00 1.000 1079
1081 4 9203.00 490.56 3545.00 1.000 1080
1082 4 9203.00 489.22 3545.67 1.000 1081
1083 4 9202.89 488.11 3546.00 1.000 1082
1084 4 9202.56 487.44 3546.00 1.000 1083
1085 4 9201.11 486.22 3546.33 1.000 1084
1086 4 9201.00 483.00 3551.00 1.000 1085
1087 4 9201.00 480.33 3552.78 1.000 1086
1088 4 9201.00 477.67 3555.67 1.000 1087
1089 4 9201.00 473.44 3557.44 1.000 1088
1090 4 9201.00 472.56 3558.56 1.000 1089
1091 4 9201.00 471.00 3559.00 1.000 1090
1092 4 9201.00 468.11 3559.11 1.000 1091
1093 4 9201.00 466.00 3561.00 1.000 1092
1094 4 9201.00 464.67 3561.67 1.000 1093
1095 4 9201.00 461.11 3562.11 1.000 1094
1096 4 9201.00 460.44 3562.44 1.000 1095
1097 4 9201.11 459.33 3564.22 1.000 1096
1098 4 9201.67 459.00 3565.33 1.000 1097
1099 4 9202.00 458.89 3566.89 1.000 1098
1100 4 9202.00 458.11 3569.11 1.000 1099
1101 4 9202.00 457.89 3570.89 1.000 1100
1102 4 9202.00 457.56 3571.56 1.000 1101
1103 4 9202.00 456.89 3571.89 1.000 1102
1104 4 9202.00 455.33 3572.33 1.000 1103
1105 4 9202.33 454.22 3572.89 1.000 1104
1106 4 9202.89 453.00 3573.11 1.000 1105
1107 4 9203.11 451.00 3573.89 1.000 1106
1108 4 9204.56 449.56 3574.00 1.000 1107
1109 4 9206.67 446.67 3574.00 1.000 1108
1110 4 9207.11 443.11 3574.00 1.000 1109
1111 4 9208.00 441.00 3574.00 1.000 1110
1112 4 9198.83 564.42 3490.58 4.000 1044
1113 4 9196.58 562.87 3493.46 4.000 1112
1114 4 9193.43 562.71 3493.83 4.000 1113
1115 4 9191.62 559.97 3493.18 4.000 1114
1116 4 9189.83 557.33 3493.08 3.000 1115
1117 4 9189.67 554.44 3494.11 2.000 1116
1118 4 9187.71 553.36 3493.14 3.000 1117
1119 4 9186.96 551.14 3491.61 3.000 1118
1120 4 9185.67 548.33 3490.22 2.000 1119
1121 4 9184.73 546.27 3491.07 2.000 1120
1122 4 9183.67 544.42 3489.08 2.000 1121
1123 4 9183.00 542.14 3490.00 3.000 1122
1124 4 9180.64 540.36 3489.55 3.000 1123
1125 4 9179.78 537.96 3487.35 3.000 1124
1126 4 9180.21 535.26 3487.47 3.000 1125
1127 4 9179.54 533.39 3486.39 3.000 1126
1128 4 9178.04 530.60 3487.27 3.000 1127
1129 4 9175.95 527.78 3485.47 1.000 1128
1130 4 9173.98 526.92 3484.60 1.000 1129
1131 4 9171.37 525.31 3484.25 1.000 1130
1132 4 9169.12 523.93 3483.10 1.000 1131
1133 4 9166.50 522.13 3479.44 3.000 1132
1134 4 9164.29 519.62 3479.59 3.000 1133
1135 4 9162.64 517.50 3478.14 3.000 1134
1136 4 9160.44 516.53 3478.24 3.000 1135
1137 4 9159.23 516.26 3475.44 3.000 1136
1138 4 9157.00 515.10 3473.10 3.000 1137
1139 4 9155.33 515.00 3472.33 2.000 1138
1140 4 9154.43 513.71 3472.57 2.000 1139
1141 4 9152.64 512.64 3473.27 3.000 1140
1142 4 9152.33 511.33 3472.00 2.000 1141
1143 4 9150.40 511.25 3471.35 3.000 1142
1144 4 9149.56 511.44 3469.19 2.000 1143
1145 4 9147.69 511.39 3468.15 2.000 1144
1146 4 9144.58 511.65 3465.60 3.000 1145
1147 4 9142.23 510.44 3466.47 3.000 1146
1148 4 9140.65 509.07 3463.59 3.000 1147
1149 4 9139.15 507.33 3461.38 3.000 1148
1150 4 9137.50 504.58 3460.17 3.000 1149
1151 4 9135.79 505.14 3458.07 3.000 1150
1152 4 9133.66 503.69 3457.00 3.000 1151
1153 4 9130.54 502.15 3455.62 3.000 1152
1154 4 9128.33 502.00 3455.33 2.000 1153
1155 4 9128.79 501.14 3453.21 3.000 1154
1156 4 9127.28 499.43 3451.28 3.000 1155
1157 4 9124.64 498.36 3451.29 3.000 1156
1158 4 9122.69 497.39 3451.23 3.000 1157
1159 4 9121.67 495.40 3453.07 3.000 1158
1160 4 9119.25 494.61 3452.70 3.000 1159
1161 4 9116.79 495.14 3453.07 3.000 1160
1162 4 9115.50 495.00 3454.00 1.000 1161
1163 4 9113.75 494.42 3453.00 2.000 1162
1164 4 9110.56 494.56 3455.46 3.000 1163
1165 4 9108.33 493.00 3455.33 1.000 1164
1166 4 9105.17 494.42 3455.50 4.000 1165
1167 4 9100.64 494.07 3455.29 3.000 1166
1168 4 9099.33 493.33 3455.00 1.000 1167
1169 4 9098.33 493.00 3454.33 1.000 1168
1170 4 9093.75 491.50 3454.08 1.000 1169
1171 4 9090.58 490.83 3453.47 1.000 1170
1172 4 9089.42 490.39 3453.45 1.000 1171
1173 4 9087.67 489.33 3454.00 1.000 1172
1174 4 9086.89 489.11 3454.00 1.000 1173
1175 4 9083.89 489.00 3454.89 1.000 1174
1176 4 9082.44 488.67 3455.11 1.000 1175
1177 4 9081.56 488.11 3455.67 1.000 1176
1178 4 9080.44 488.00 3456.44 1.000 1177
1179 4 9079.67 488.00 3458.56 1.000 1178
1180 4 9079.00 488.00 3459.00 1.000 1179
1181 4 9176.88 524.53 3487.16 1.000 1129
1182 4 9177.00 522.44 3488.44 1.000 1181
1183 4 9177.00 516.33 3491.33 1.000 1182
1184 4 9177.00 514.33 3492.33 1.000 1183
1185 4 9177.00 511.33 3495.33 1.000 1184
1186 4 9176.00 508.44 3497.44 1.000 1185
1187 4 9175.67 507.33 3499.00 1.000 1186
1188 4 9175.11 506.56 3499.67 1.000 1187
1189 4 9174.67 505.00 3500.67 1.000 1188
1190 4 9172.44 503.67 3501.11 1.000 1189
1191 4 9172.11 503.33 3501.44 1.000 1190
1192 4 9172.00 502.56 3504.56 1.000 1191
1193 4 9171.67 501.11 3505.78 1.000 1192
1194 4 9171.00 500.56 3507.56 1.000 1193
1195 4 9168.89 496.00 3509.89 1.000 1194
1196 4 9168.00 495.11 3510.11 1.000 1195
1197 4 9167.11 494.89 3511.00 1.000 1196
1198 4 9167.00 494.67 3511.67 1.000 1197
1199 4 9167.00 493.67 3512.67 1.000 1198
1200 4 9166.67 491.33 3513.00 1.000 1199
1201 4 9162.78 487.22 3513.00 1.000 1200
1202 4 9162.11 486.33 3513.44 1.000 1201
1203 4 9162.00 485.56 3515.56 1.000 1202
1204 4 9161.89 484.11 3517.00 1.000 1203
1205 4 9161.67 483.89 3517.56 1.000 1204
1206 4 9160.33 483.11 3518.44 1.000 1205
1207 4 9160.00 483.00 3520.00 1.000 1206
1208 4 9159.00 478.00 3521.00 1.000 1207
1209 4 9157.11 475.22 3522.33 1.000 1208
1210 4 9157.00 473.56 3524.56 1.000 1209
1211 4 9156.89 472.44 3525.33 1.000 1210
1212 4 9156.33 471.67 3526.00 1.000 1211
1213 4 9155.56 470.33 3527.89 1.000 1212
1214 4 9153.33 469.56 3528.89 1.000 1213
1215 4 9152.67 467.33 3529.00 1.000 1214
1216 4 9151.67 465.44 3529.11 1.000 1215
1217 4 9150.89 463.44 3530.33 1.000 1216
1218 4 9149.44 462.56 3531.00 1.000 1217
1219 4 9148.67 461.44 3531.11 1.000 1218
1220 4 9147.67 460.22 3531.89 1.000 1219
1221 4 9145.67 458.33 3532.00 1.000 1220
1222 4 9144.00 458.00 3532.00 1.000 1221
1223 4 9142.33 458.00 3532.33 1.000 1222
1224 4 9140.33 458.00 3533.33 1.000 1223
1225 4 9137.67 458.00 3535.67 1.000 1224
1226 4 9137.00 458.11 3535.89 1.000 1225
1227 4 9135.22 459.33 3536.89 1.000 1226
1228 4 9132.67 460.67 3537.00 1.000 1227
1229 4 9127.44 461.33 3537.11 1.000 1228
1230 4 9125.78 462.67 3538.11 1.000 1229
1231 4 9124.22 463.33 3538.89 1.000 1230
1232 4 9123.33 464.22 3539.11 1.000 1231
1233 4 9123.11 464.67 3539.44 1.000 1232
1234 4 9122.67 465.00 3540.67 1.000 1233
1235 4 9121.89 465.00 3542.89 1.000 1234
1236 4 9121.00 465.00 3544.00 1.000 1235
1237 4 9117.67 465.00 3545.67 1.000 1236
1238 4 9115.11 465.00 3546.11 1.000 1237
1239 4 9112.89 465.00 3547.89 1.000 1238
1240 4 9111.11 464.89 3548.00 1.000 1239
1241 4 9109.00 464.11 3548.11 1.000 1240
1242 4 9108.44 464.00 3548.44 1.000 1241
1243 4 9107.56 464.00 3550.56 1.000 1242
1244 4 9106.00 464.00 3551.00 1.000 1243
1245 4 9191.58 560.42 3497.35 4.000 1114
1246 4 9188.79 562.29 3501.00 3.000 1245
1247 4 9188.57 563.11 3503.82 4.000 1246
1248 4 9185.71 564.36 3507.14 3.000 1247
1249 4 9185.25 563.25 3509.25 2.000 1248
1250 4 9182.65 564.21 3511.62 3.000 1249
1251 4 9178.91 562.18 3513.09 3.000 1250
1252 4 9177.18 561.06 3515.15 4.000 1251
1253 4 9173.76 559.44 3519.72 5.000 1252
1254 4 9171.39 555.39 3523.11 5.000 1253
1255 4 9170.16 553.10 3525.10 3.000 1254
1256 4 9167.69 551.19 3526.19 3.000 1255
1257 4 9167.38 548.13 3527.38 2.000 1256
1258 4 9166.54 546.46 3526.23 2.000 1257
1259 4 9165.47 544.04 3528.32 3.000 1258
1260 4 9164.64 542.29 3531.00 2.000 1259
1261 4 9164.50 539.70 3530.10 2.000 1260
1262 4 9163.55 537.64 3530.09 2.000 1261
1263 4 9162.69 535.31 3531.13 3.000 1262
1264 4 9163.25 531.18 3532.04 3.000 1263
1265 4 9162.31 527.50 3530.38 3.000 1264
1266 4 9161.71 525.36 3532.14 2.000 1265
1267 4 9161.06 522.87 3530.58 3.000 1266
1268 4 9158.64 521.54 3532.27 3.000 1267
1269 4 9158.85 519.13 3533.02 3.000 1268
1270 4 9158.10 515.83 3532.90 3.000 1269
1271 4 9156.73 513.27 3533.13 3.000 1270
1272 4 9155.56 511.33 3533.17 3.000 1271
1273 4 9151.73 501.55 3529.27 3.000 1272
1274 4 9151.17 498.56 3529.67 4.000 1273
1275 4 9149.60 496.60 3529.40 3.000 1274
1276 4 9148.64 494.43 3529.14 2.000 1275
1277 4 9148.04 491.93 3530.21 3.000 1276
1278 4 9146.80 489.60 3530.10 2.000 1277
1279 4 9146.08 487.75 3528.50 3.000 1278
1280 4 9145.58 485.33 3529.17 2.000 1279
1281 4 9145.00 479.00 3528.00 1.000 1280
1282 4 9144.67 476.33 3528.00 1.000 1281
1283 4 9143.33 473.67 3528.00 1.000 1282
1284 4 9142.11 469.89 3528.00 1.000 1283
1285 4 9142.00 460.00 3528.00 1.000 1284
1286 4 9141.67 458.44 3528.11 1.000 1285
1287 4 9141.07 454.27 3527.12 1.000 1286
1288 4 9141.00 453.00 3527.00 1.000 1287
1289 4 9141.00 451.33 3527.33 1.000 1288
1290 4 9141.00 449.67 3528.67 1.000 1289
1291 4 9141.11 446.78 3529.67 1.000 1290
1292 4 9142.00 444.44 3530.44 1.000 1291
1293 4 9142.00 443.56 3531.56 1.000 1292
1294 4 9142.67 442.11 3532.44 1.000 1293
1295 4 9144.78 437.11 3535.56 1.000 1294
1296 4 9145.00 434.44 3536.44 1.000 1295
1297 4 9145.33 433.89 3537.56 1.000 1296
1298 4 9145.89 433.33 3538.11 1.000 1297
1299 4 9148.00 430.00 3540.00 1.000 1298
1300 4 9148.00 427.56 3541.56 1.000 1299
1301 4 9148.00 426.89 3541.89 1.000 1300
1302 4 9148.00 424.11 3542.11 1.000 1301
1303 4 9148.00 421.89 3543.89 1.000 1302
1304 4 9147.67 420.33 3544.00 1.000 1303
1305 4 9147.11 419.22 3544.33 1.000 1304
1306 4 9147.00 417.33 3545.33 1.000 1305
1307 4 9146.89 414.78 3548.67 1.000 1306
1308 4 9146.11 412.89 3549.00 1.000 1307
1309 4 9145.67 409.33 3549.00 1.000 1308
1310 4 9143.78 407.33 3549.11 1.000 1309
1311 4 9142.22 405.78 3550.00 1.000 1310
1312 4 9140.33 404.67 3550.00 1.000 1311
1313 4 9138.22 402.78 3550.00 1.000 1312
1314 4 9137.33 401.78 3550.11 1.000 1313
1315 4 9136.67 400.22 3550.89 1.000 1314
1316 4 9133.78 396.33 3551.11 1.000 1315
1317 4 9133.11 395.56 3551.67 1.000 1316
1318 4 9131.67 392.44 3553.11 1.000 1317
1319 4 9131.11 392.00 3554.00 1.000 1318
1320 4 9131.00 392.00 3555.00 1.000 1319
1321 4 9141.11 458.00 3529.11 1.000 1286
1322 4 9140.89 457.67 3531.56 1.000 1321
1323 4 9140.00 457.00 3533.00 1.000 1322
1324 4 9138.78 457.00 3534.78 1.000 1323
1325 4 9136.22 457.00 3537.22 1.000 1324
1326 4 9135.11 456.89 3539.00 1.000 1325
1327 4 9135.00 456.56 3539.56 1.000 1326
1328 4 9134.33 455.11 3540.44 1.000 1327
1329 4 9133.11 454.89 3544.00 1.000 1328
1330 4 9133.00 454.00 3547.00 1.000 1329
1331 4 9132.11 454.00 3550.11 1.000 1330
1332 4 9132.00 453.89 3551.89 1.000 1331
1333 4 9132.00 453.56 3552.56 1.000 1332
1334 4 9131.33 452.11 3553.44 1.000 1333
1335 4 9131.00 451.56 3554.56 1.000 1334
1336 4 9131.00 450.89 3554.89 1.000 1335
1337 4 9130.33 449.00 3555.33 1.000 1336
1338 4 9129.89 447.78 3556.67 1.000 1337
1339 4 9129.67 447.22 3556.89 1.000 1338
1340 4 9128.67 445.44 3557.11 1.000 1339
1341 4 9128.33 445.11 3557.44 1.000 1340
1342 4 9128.00 445.00 3559.00 1.000 1341
1343 4 9128.00 444.56 3560.56 1.000 1342
1344 4 9128.00 441.00 3561.00 1.000 1343
1345 4 9127.33 438.56 3561.67 1.000 1344
1346 4 9127.00 436.00 3562.00 1.000 1345
1347 4 9127.00 432.00 3562.00 1.000 1346
1348 4 9127.00 428.00 3561.00 1.000 1347
1349 4 9127.00 423.11 3560.89 1.000 1348
1350 4 9126.67 420.44 3559.89 1.000 1349
1351 4 9126.00 419.56 3558.44 1.000 1350
1352 4 9126.00 418.89 3558.11 1.000 1351
1353 4 9125.89 416.11 3558.00 1.000 1352
1354 4 9125.00 414.00 3558.00 1.000 1353
1355 4 9123.00 412.00 3558.00 1.000 1354
1356 4 9121.56 408.44 3558.00 1.000 1355
1357 4 9118.22 405.78 3558.00 1.000 1356
1358 4 9116.33 402.78 3558.11 1.000 1357
1359 4 9116.00 401.67 3558.67 1.000 1358
1360 4 9115.89 399.11 3559.00 1.000 1359
1361 4 9114.33 395.67 3559.00 1.000 1360
1362 4 9113.89 392.11 3559.00 1.000 1361
1363 4 9113.22 390.78 3559.00 1.000 1362
1364 4 9110.67 389.33 3559.00 1.000 1363
1365 4 9106.89 388.11 3559.00 1.000 1364
1366 4 9105.11 387.89 3559.00 1.000 1365
1367 4 9102.89 387.11 3559.00 1.000 1366
1368 4 9099.11 387.11 3559.00 1.000 1367
1369 4 9098.11 387.67 3559.44 1.000 1368
1370 4 9097.89 388.00 3560.89 1.000 1369
1371 4 9097.56 388.00 3561.56 1.000 1370
1372 4 9096.89 388.00 3561.89 1.000 1371
1373 4 9094.00 388.00 3562.00 1.000 1372
1374 4 9092.33 388.33 3562.00 1.000 1373
1375 4 9091.00 389.67 3562.33 1.000 1374
1376 4 9090.00 390.67 3563.33 1.000 1375
1377 4 9088.11 391.67 3564.33 1.000 1376
1378 4 9088.00 392.00 3565.00 1.000 1377
1379 4 9155.07 504.39 3532.24 4.000 1272
1380 4 9154.94 501.06 3535.22 4.000 1379
1381 4 9155.71 495.36 3538.07 1.000 1380
1382 4 9157.00 489.67 3540.67 1.000 1381
1383 4 9157.00 487.33 3541.33 1.000 1382
1384 4 9157.11 485.78 3542.67 1.000 1383
1385 4 9157.89 484.56 3543.67 1.000 1384
1386 4 9158.00 483.89 3543.89 1.000 1385
1387 4 9158.00 462.00 3544.00 1.000 1386
1388 4 9159.11 457.11 3544.00 1.000 1387
1389 4 9160.89 454.89 3544.00 1.000 1388
1390 4 9161.00 449.00 3544.00 1.000 1389
1391 4 9163.15 443.59 3545.78 1.000 1390
1392 4 9164.33 440.44 3546.11 1.000 1391
1393 4 9164.89 439.56 3546.67 1.000 1392
1394 4 9165.00 438.00 3547.00 1.000 1393
1395 4 9165.11 434.11 3547.00 1.000 1394
1396 4 9166.00 431.33 3547.33 1.000 1395
1397 4 9166.00 429.00 3548.00 1.000 1396
1398 4 9166.00 424.11 3548.11 1.000 1397
1399 4 9165.67 422.22 3548.89 1.000 1398
1400 4 9165.00 420.11 3549.11 1.000 1399
1401 4 9165.00 416.67 3550.67 1.000 1400
1402 4 9165.00 414.33 3551.33 1.000 1401
1403 4 9165.33 413.22 3551.89 1.000 1402
1404 4 9166.33 411.44 3552.11 1.000 1403
1405 4 9167.67 410.00 3554.33 1.000 1404
1406 4 9168.00 408.89 3554.89 1.000 1405
1407 4 9168.00 405.11 3555.11 1.000 1406
1408 4 9168.00 402.00 3556.00 1.000 1407
1409 4 9168.00 398.00 3556.00 1.000 1408
1410 4 9169.00 394.00 3556.00 1.000 1409
1411 4 9168.89 389.11 3556.00 1.000 1410
1412 4 9168.67 388.44 3556.00 1.000 1411
1413 4 9168.00 388.00 3556.00 1.000 1412
1414 4 9171.80 559.83 3524.70 4.000 1253
1415 4 9169.48 557.76 3527.19 5.000 1414
1416 4 9165.65 559.51 3531.84 3.000 1415
1417 4 9162.30 559.30 3535.00 3.000 1416
1418 4 9159.95 559.45 3538.14 3.000 1417
1419 4 9158.67 558.40 3540.13 3.000 1418
1420 4 9158.40 558.69 3543.71 4.000 1419
1421 4 9155.87 559.56 3548.11 4.000 1420
1422 4 9152.64 559.50 3549.14 3.000 1421
1423 4 9150.64 560.64 3551.00 3.000 1422
1424 4 9149.83 560.50 3553.33 3.000 1423
1425 4 9148.91 561.18 3555.00 3.000 1424
1426 4 9147.33 563.13 3557.22 4.000 1425
1427 4 9144.33 564.00 3558.33 2.000 1426
1428 4 9143.71 563.36 3561.14 3.000 1427
1429 4 9143.32 564.28 3566.15 4.000 1428
1430 4 9139.96 565.34 3567.68 4.000 1429
1431 4 9137.36 564.43 3572.31 4.000 1430
1432 4 9133.51 567.25 3575.33 1.000 1431
1433 4 9130.82 566.27 3574.09 4.000 1432
1434 4 9128.75 565.42 3574.08 3.000 1433
1435 4 9128.00 564.00 3576.00 3.000 1434
1436 4 9126.00 562.52 3574.14 3.000 1435
1437 4 9124.40 560.60 3575.60 3.000 1436
1438 4 9122.06 559.52 3574.71 3.000 1437
1439 4 9119.25 558.23 3574.95 3.000 1438
1440 4 9117.82 556.36 3573.09 4.000 1439
1441 4 9115.33 556.44 3570.19 4.000 1440
1442 4 9112.29 554.52 3572.23 3.000 1441
1443 4 9106.77 553.14 3571.71 1.000 1442
1444 4 9104.11 553.00 3571.11 1.000 1443
1445 4 9099.44 553.00 3572.44 1.000 1444
1446 4 9098.67 553.00 3574.67 1.000 1445
1447 4 9097.56 553.00 3576.56 1.000 1446
1448 4 9095.56 553.00 3578.56 1.000 1447
1449 4 9092.78 553.00 3579.78 1.000 1448
1450 4 9091.56 553.00 3582.56 1.000 1449
1451 4 9090.11 551.00 3585.11 1.000 1450
1452 4 9089.00 551.04 3586.93 1.000 1451
1453 4 9087.00 551.11 3588.11 1.000 1452
1454 4 9085.56 551.00 3589.56 1.000 1453
1455 4 9083.44 551.00 3590.44 1.000 1454
1456 4 9082.89 550.67 3592.56 1.000 1455
1457 4 9082.67 550.22 3592.89 1.000 1456
1458 4 9081.67 549.33 3593.00 1.000 1457
1459 4 9077.67 548.33 3593.00 1.000 1458
1460 4 9076.44 548.00 3593.44 1.000 1459
1461 4 9076.00 547.89 3594.89 1.000 1460
1462 4 9076.00 547.56 3595.56 1.000 1461
1463 4 9075.67 545.44 3596.11 1.000 1462
1464 4 9074.56 543.44 3597.00 1.000 1463
1465 4 9073.11 543.00 3597.11 1.000 1464
1466 4 9071.00 543.00 3598.00 1.000 1465
1467 4 9070.00 543.00 3599.00 1.000 1466
1468 4 9068.22 543.00 3603.22 1.000 1467
1469 4 9065.78 543.00 3604.78 1.000 1468
1470 4 9063.78 543.00 3607.78 1.000 1469
1471 4 9062.78 543.11 3608.67 1.000 1470
1472 4 9061.67 543.89 3609.78 1.000 1471
1473 4 9060.33 544.00 3611.33 1.000 1472
1474 4 9059.33 544.00 3613.33 1.000 1473
1475 4 9058.67 544.00 3615.67 1.000 1474
1476 4 9057.78 544.00 3616.78 1.000 1475
1477 4 9056.67 544.00 3617.67 1.000 1476
1478 4 9054.33 544.00 3618.33 1.000 1477
1479 4 9053.33 544.00 3619.33 1.000 1478
1480 4 9053.00 544.00 3621.00 1.000 1479
1481 4 9052.89 543.67 3622.56 1.000 1480
1482 4 9052.00 543.11 3623.11 1.000 1481
1483 4 9050.00 542.89 3623.89 1.000 1482
1484 4 9048.78 542.33 3624.11 1.000 1483
1485 4 9047.67 542.00 3624.67 1.000 1484
1486 4 9045.00 542.00 3625.00 1.000 1485
1487 4 9043.33 542.33 3625.00 1.000 1486
1488 4 9041.33 543.33 3625.00 1.000 1487
1489 4 9039.67 544.67 3625.00 1.000 1488
1490 4 9037.33 545.33 3625.00 1.000 1489
1491 4 9034.44 547.33 3624.89 1.000 1490
1492 4 9032.89 548.00 3624.11 1.000 1491
1493 4 9030.11 548.11 3624.00 1.000 1492
1494 4 9027.11 549.00 3623.89 1.000 1493
1495 4 9025.78 549.11 3623.33 1.000 1494
1496 4 9024.56 549.89 3622.33 1.000 1495
1497 4 9023.00 550.00 3622.00 1.000 1496
1498 4 9020.11 550.11 3622.00 1.000 1497
1499 4 9017.89 550.89 3622.00 1.000 1498
1500 4 9016.11 551.11 3622.00 1.000 1499
1501 4 9015.33 551.33 3622.00 1.000 1500
1502 4 9013.67 552.67 3622.00 1.000 1501
1503 4 9011.11 553.00 3621.89 1.000 1502
1504 4 9009.78 553.11 3621.33 1.000 1503
1505 4 9008.33 553.89 3620.67 1.000 1504
1506 4 9008.00 554.00 3620.00 1.000 1505
1507 4 9132.50 569.75 3576.89 1.000 1432
1508 4 9132.17 570.58 3577.93 1.000 1507
1509 4 9132.00 571.33 3580.67 1.000 1508
1510 4 9132.00 571.78 3581.22 1.000 1509
1511 4 9132.00 576.22 3584.78 1.000 1510
1512 4 9132.00 578.00 3587.00 1.000 1511
1513 4 9132.00 581.56 3588.44 1.000 1512
1514 4 9132.00 582.44 3591.56 1.000 1513
1515 4 9132.00 583.56 3592.44 1.000 1514
1516 4 9132.11 584.33 3593.56 1.000 1515
1517 4 9132.89 585.67 3594.44 1.000 1516
1518 4 9133.00 586.44 3595.56 1.000 1517
1519 4 9133.11 587.56 3596.33 1.000 1518
1520 4 9134.22 588.78 3597.00 1.000 1519
1521 4 9135.11 590.56 3597.33 1.000 1520
1522 4 9135.67 591.11 3598.22 1.000 1521
1523 4 9135.89 591.33 3598.78 1.000 1522
1524 4 9136.00 592.67 3600.33 1.000 1523
1525 4 9136.00 593.00 3603.00 1.000 1524
1526 4 9136.33 593.11 3604.56 1.000 1525
1527 4 9137.22 593.78 3605.00 1.000 1526
1528 4 9139.22 595.78 3605.00 1.000 1527
1529 4 9139.89 596.67 3605.44 1.000 1528
1530 4 9140.11 597.33 3609.56 1.000 1529
1531 4 9141.00 598.67 3611.33 1.000 1530
1532 4 9141.00 599.67 3613.33 1.000 1531
1533 4 9141.00 600.89 3617.11 1.000 1532
1534 4 9141.89 601.11 3620.00 1.000 1533
1535 4 9142.00 601.44 3620.56 1.000 1534
1536 4 9142.00 603.56 3621.44 1.000 1535
1537 4 9142.33 604.11 3623.56 1.000 1536
1538 4 9145.67 606.00 3625.33 1.000 1537
1539 4 9146.89 607.67 3628.44 1.000 1538
1540 4 9147.33 608.11 3631.56 1.000 1539
1541 4 9148.00 609.56 3632.44 1.000 1540
1542 4 9148.11 609.89 3633.00 1.000 1541
1543 4 9148.44 610.00 3633.56 1.000 1542
1544 4 9149.56 610.44 3634.00 1.000 1543
1545 4 9149.89 611.11 3634.00 1.000 1544
1546 4 9150.00 612.67 3634.33 1.000 1545
1547 4 9150.00 615.67 3636.33 1.000 1546
1548 4 9150.00 618.33 3638.67 1.000 1547
1549 4 9150.00 620.67 3639.33 1.000 1548
1550 4 9150.00 621.22 3639.78 1.000 1549
1551 4 9150.00 624.00 3646.00 1.000 1550
1552 4 9244.44 574.33 3450.97 3.000 524
1553 4 9243.12 574.24 3454.32 4.000 1552
1554 4 9243.21 573.50 3457.75 4.000 1553
1555 4 9243.23 571.68 3460.77 3.000 1554
1556 4 9241.56 572.06 3463.31 3.000 1555
1557 4 9240.70 572.10 3465.60 3.000 1556
1558 4 9241.03 572.59 3468.14 3.000 1557
1559 4 9239.44 573.22 3471.39 3.000 1558
1560 4 9240.60 573.40 3473.50 3.000 1559
1561 4 9241.11 574.93 3475.18 3.000 1560
1562 4 9240.67 575.20 3479.27 3.000 1561
1563 4 9241.67 574.50 3482.25 3.000 1562
1564 4 9241.25 574.25 3485.25 2.000 1563
1565 4 9241.33 575.00 3486.33 2.000 1564
1566 4 9243.82 575.54 3488.46 3.000 1565
1567 4 9244.95 575.21 3491.32 3.000 1566
1568 4 9244.47 574.47 3495.70 3.000 1567
1569 4 9243.67 574.50 3499.25 3.000 1568
1570 4 9245.02 575.02 3501.08 3.000 1569
1571 4 9246.50 573.13 3503.50 3.000 1570
1572 4 9246.77 573.31 3506.23 2.000 1571
1573 4 9248.67 574.17 3506.58 2.000 1572
1574 4 9249.69 573.39 3509.15 2.000 1573
1575 4 9251.44 573.22 3511.39 3.000 1574
1576 4 9251.69 573.46 3514.15 3.000 1575
1577 4 9251.25 573.25 3517.25 2.000 1576
1578 4 9252.67 573.42 3518.25 3.000 1577
1579 4 9252.33 572.33 3521.00 2.000 1578
1580 4 9253.25 572.25 3522.25 1.000 1579
1581 4 9253.50 572.00 3524.00 1.000 1580
1582 4 9254.00 571.00 3524.00 1.000 1581
1583 4 9253.50 571.00 3525.00 1.000 1582
1584 4 9254.43 571.14 3526.71 2.000 1583
1585 4 9253.50 571.00 3529.00 2.000 1584
1586 4 9254.55 570.91 3530.18 2.000 1585
1587 4 9254.25 570.25 3533.25 2.000 1586
1588 4 9257.29 569.42 3538.75 1.000 1587
1589 4 9257.43 567.81 3540.36 1.000 1588
1590 4 9257.89 567.00 3542.11 1.000 1589
1591 4 9258.00 567.00 3548.00 1.000 1590
1592 4 9262.89 577.44 3443.89 3.000 326
1593 4 9264.64 575.50 3443.14 3.000 1592
1594 4 9265.25 572.25 3443.25 2.000 1593
1595 4 9266.33 570.33 3443.00 2.000 1594
1596 4 9267.00 569.00 3443.50 1.000 1595
1597 4 9269.61 567.91 3441.56 4.000 1596
1598 4 9268.35 567.35 3439.35 3.000 1597
1599 4 9268.69 565.46 3437.15 3.000 1598
1600 4 9271.18 563.37 3435.11 3.000 1599
1601 4 9270.75 560.38 3434.50 3.000 1600
1602 4 9271.36 559.79 3431.51 1.000 1601
1603 4 9274.53 559.29 3428.00 3.000 1602
1604 4 9275.75 557.33 3426.08 3.000 1603
1605 4 9275.33 556.00 3425.33 1.000 1604
1606 4 9277.45 556.22 3423.39 3.000 1605
1607 4 9279.55 555.54 3422.91 3.000 1606
1608 4 9279.64 555.50 3420.14 3.000 1607
1609 4 9280.83 555.33 3418.00 3.000 1608
1610 4 9282.67 554.44 3417.45 3.000 1609
1611 4 9283.47 554.18 3415.47 2.000 1610
1612 4 9284.70 553.40 3412.80 2.000 1611
1613 4 9283.33 553.33 3412.00 2.000 1612
1614 4 9284.33 552.33 3411.00 1.000 1613
1615 4 9285.25 551.25 3410.25 1.000 1614
1616 4 9285.25 550.25 3409.25 2.000 1615
1617 4 9285.53 549.18 3407.35 3.000 1616
1618 4 9285.69 547.46 3405.15 3.000 1617
1619 4 9288.20 546.16 3402.98 3.000 1618
1620 4 9287.59 545.23 3399.24 3.000 1619
1621 4 9290.00 545.67 3398.19 3.000 1620
1622 4 9291.17 545.78 3394.00 3.000 1621
1623 4 9292.32 543.51 3391.44 3.000 1622
1624 4 9295.32 542.37 3388.12 3.000 1623
1625 4 9297.97 540.33 3386.63 3.000 1624
1626 4 9300.65 537.46 3383.65 3.000 1625
1627 4 9302.44 535.56 3380.06 3.000 1626
1628 4 9303.47 535.60 3377.07 3.000 1627
1629 4 9304.91 535.18 3375.00 3.000 1628
1630 4 9305.83 535.25 3373.00 3.000 1629
1631 4 9308.07 535.73 3370.00 3.000 1630
1632 4 9308.82 537.36 3366.91 3.000 1631
1633 4 9310.19 537.76 3363.51 3.000 1632
1634 4 9311.52 537.83 3359.74 3.000 1633
1635 4 9312.29 537.17 3354.92 4.000 1634
1636 4 9311.20 535.69 3351.91 4.000 1635
1637 4 9310.53 535.66 3348.29 3.000 1636
1638 4 9307.33 536.67 3346.11 3.000 1637
1639 4 9307.06 537.29 3342.53 3.000 1638
1640 4 9269.79 557.60 3431.06 1.000 1602
1641 4 9269.00 556.00 3430.00 1.000 1640
1642 4 9269.00 554.56 3427.44 1.000 1641
1643 4 9269.00 551.33 3426.67 1.000 1642
1644 4 9269.00 550.00 3426.00 1.000 1643
1645 4 9269.00 547.78 3423.22 1.000 1644
1646 4 9269.00 545.67 3421.33 1.000 1645
1647 4 9269.00 543.67 3420.33 1.000 1646
1648 4 9269.00 541.33 3419.67 1.000 1647
1649 4 9269.00 536.67 3416.33 1.000 1648
1650 4 9269.00 535.00 3416.00 1.000 1649
1651 4 9269.00 528.11 3415.89 1.000 1650
1652 4 9269.00 526.78 3415.22 1.000 1651
1653 4 9269.00 525.67 3413.33 1.000 1652
1654 4 9269.00 524.67 3412.33 1.000 1653
1655 4 9269.00 523.00 3412.00 1.000 1654
1656 4 9269.00 517.11 3411.89 1.000 1655
1657 4 9269.00 516.44 3411.56 1.000 1656
1658 4 9269.00 516.11 3410.89 1.000 1657
1659 4 9269.00 515.56 3408.44 1.000 1658
1660 4 9269.00 510.89 3407.11 1.000 1659
1661 4 9269.00 508.11 3406.89 1.000 1660
1662 4 9269.00 507.44 3406.56 1.000 1661
1663 4 9269.00 506.56 3405.44 1.000 1662
1664 4 9269.00 502.00 3402.00 1.000 1663
1665 4 9268.00 496.44 3399.56 1.000 1664
1666 4 9268.00 495.56 3397.44 1.000 1665
1667 4 9268.00 494.89 3397.11 1.000 1666
1668 4 9268.00 490.33 3396.67 1.000 1667
1669 4 9268.00 488.56 3394.44 1.000 1668
1670 4 9268.00 486.44 3393.56 1.000 1669
1671 4 9268.00 484.00 3392.00 1.000 1670
1672 4 9266.67 482.22 3390.67 1.000 1671
1673 4 9266.00 480.44 3389.56 1.000 1672
1674 4 9266.00 479.33 3387.67 1.000 1673
1675 4 9266.00 478.56 3385.44 1.000 1674
1676 4 9266.00 477.00 3384.00 1.000 1675
1677 4 9265.89 475.33 3380.78 1.000 1676
1678 4 9265.56 475.11 3380.33 1.000 1677
1679 4 9264.44 474.56 3380.00 1.000 1678
1680 4 9264.00 473.44 3379.56 1.000 1679
1681 4 9263.11 472.67 3377.22 1.000 1680
1682 4 9262.67 471.00 3374.33 1.000 1681
1683 4 9262.33 470.56 3374.11 1.000 1682
1684 4 9261.56 468.44 3374.00 1.000 1683
1685 4 9260.44 467.67 3373.89 1.000 1684
1686 4 9260.11 467.33 3373.56 1.000 1685
1687 4 9260.00 467.00 3372.00 1.000 1686
1688 4 9259.67 467.00 3370.33 1.000 1687
1689 4 9259.00 466.67 3369.33 1.000 1688
1690 4 9258.33 465.67 3369.00 1.000 1689
1691 4 9257.67 463.33 3369.00 1.000 1690
1692 4 9257.11 462.33 3368.56 1.000 1691
1693 4 9257.00 461.67 3366.33 1.000 1692
1694 4 9257.00 460.33 3363.67 1.000 1693
1695 4 9256.89 459.67 3360.44 1.000 1694
1696 4 9256.67 459.22 3360.11 1.000 1695
1697 4 9255.33 457.78 3359.89 1.000 1696
1698 4 9254.89 456.00 3358.11 1.000 1697
1699 4 9254.56 455.44 3358.00 1.000 1698
1700 4 9253.44 454.89 3357.67 1.000 1699
1701 4 9253.00 454.22 3356.78 1.000 1700
1702 4 9252.89 452.33 3353.78 1.000 1701
1703 4 9252.11 451.89 3352.00 1.000 1702
1704 4 9251.89 450.44 3350.67 1.000 1703
1705 4 9251.11 449.89 3349.00 1.000 1704
1706 4 9251.00 448.44 3347.56 1.000 1705
1707 4 9250.67 448.00 3346.33 1.000 1706
1708 4 9250.00 447.67 3345.33 1.000 1707
1709 4 9249.33 447.00 3344.67 1.000 1708
1710 4 9248.67 445.44 3343.89 1.000 1709
1711 4 9248.11 444.89 3343.00 1.000 1710
1712 4 9248.00 443.44 3341.56 1.000 1711
1713 4 9248.00 442.67 3339.33 1.000 1712
1714 4 9248.00 440.56 3336.44 1.000 1713
1715 4 9248.00 438.11 3335.89 1.000 1714
1716 4 9248.00 437.44 3335.56 1.000 1715
1717 4 9248.00 437.11 3334.89 1.000 1716
1718 4 9248.89 437.00 3331.89 1.000 1717
1719 4 9249.11 436.67 3329.44 1.000 1718
1720 4 9249.33 436.33 3329.00 1.000 1719
1721 4 9250.67 435.67 3328.00 1.000 1720
1722 4 9250.89 435.22 3327.67 1.000 1721
1723 4 9251.00 434.33 3326.67 1.000 1722
1724 4 9251.00 433.33 3324.67 1.000 1723
1725 4 9251.00 433.00 3323.00 1.000 1724
1726 4 9251.00 433.00 3318.00 1.000 1725
1727 4 9266.79 573.21 3443.00 3.000 1593
1728 4 9267.91 571.09 3443.09 3.000 1727
1729 4 9270.38 569.79 3444.31 4.000 1728
1730 4 9273.98 567.18 3447.16 3.000 1729
1731 4 9276.60 565.33 3446.33 3.000 1730
1732 4 9278.35 564.94 3447.53 3.000 1731
1733 4 9279.69 564.23 3450.31 2.000 1732
1734 4 9281.73 563.36 3450.27 3.000 1733
1735 4 9283.67 562.50 3450.25 3.000 1734
1736 4 9287.61 561.14 3447.96 3.000 1735
1737 4 9287.78 560.33 3450.45 3.000 1736
1738 4 9292.68 559.33 3451.02 4.000 1737
1739 4 9296.44 556.88 3453.03 3.000 1738
1740 4 9297.91 554.09 3453.27 3.000 1739
1741 4 9301.24 553.85 3452.18 4.000 1740
1742 4 9303.82 552.18 3450.27 3.000 1741
1743 4 9308.02 550.21 3451.32 4.000 1742
1744 4 9310.38 549.06 3454.56 4.000 1743
1745 4 9313.79 546.36 3455.45 5.000 1744
1746 4 9317.13 545.49 3455.65 5.000 1745
1747 4 9320.33 543.96 3455.69 4.000 1746
1748 4 9325.59 543.41 3454.20 3.000 1747
1749 4 9328.71 541.21 3454.36 3.000 1748
1750 4 9329.47 540.85 3458.29 3.000 1749
1751 4 9331.64 539.50 3459.14 3.000 1750
1752 4 9332.91 538.09 3461.18 3.000 1751
1753 4 9333.50 538.00 3463.00 1.000 1752
1754 4 9335.33 538.00 3463.33 1.000 1753
1755 4 9337.25 537.25 3463.25 2.000 1754
1756 4 9341.30 535.80 3464.37 3.000 1755
1757 4 9344.87 532.53 3465.87 3.000 1756
1758 4 9346.16 530.11 3464.11 3.000 1757
1759 4 9348.53 527.53 3465.13 3.000 1758
1760 4 9349.39 527.50 3468.11 3.000 1759
1761 4 9351.25 525.25 3468.25 2.000 1760
1762 4 9356.19 522.25 3470.57 1.000 1761
1763 4 9358.22 522.00 3471.78 1.000 1762
1764 4 9359.00 521.67 3472.67 1.000 1763
1765 4 9360.22 520.22 3473.00 1.000 1764
1766 4 9362.00 519.00 3473.00 1.000 1765
1767 4 9317.33 548.00 3451.33 1.000 1744
1768 4 9319.67 547.11 3450.56 1.000 1767
1769 4 9320.33 546.33 3449.00 1.000 1768
1770 4 9322.00 545.67 3447.33 1.000 1769
1771 4 9323.67 544.00 3446.67 1.000 1770
1772 4 9324.33 543.33 3446.00 1.000 1771
1773 4 9325.33 543.00 3445.33 1.000 1772
1774 4 9327.00 543.00 3445.00 1.000 1773
1775 4 9328.67 542.67 3445.00 1.000 1774
1776 4 9329.78 542.11 3444.67 1.000 1775
1777 4 9331.11 542.00 3444.11 1.000 1776
1778 4 9336.89 542.00 3443.89 1.000 1777
1779 4 9337.67 542.00 3443.67 1.000 1778
1780 4 9338.78 542.00 3442.78 1.000 1779
1781 4 9339.67 542.00 3441.67 1.000 1780
1782 4 9340.33 542.00 3439.33 1.000 1781
1783 4 9342.22 542.00 3437.22 1.000 1782
1784 4 9344.56 542.00 3435.56 1.000 1783
1785 4 9346.78 542.00 3431.78 1.000 1784
1786 4 9349.56 542.00 3430.56 1.000 1785
1787 4 9350.33 541.89 3429.44 1.000 1786
1788 4 9351.67 540.89 3427.78 1.000 1787
1789 4 9352.89 539.67 3425.22 1.000 1788
1790 4 9353.33 538.33 3424.00 1.000 1789
1791 4 9354.00 538.00 3423.00 1.000 1790
1792 4 9354.67 538.00 3421.67 1.000 1791
1793 4 9355.00 537.67 3419.33 1.000 1792
1794 4 9355.11 535.67 3416.44 1.000 1793
1795 4 9355.67 535.11 3415.56 1.000 1794
1796 4 9356.11 534.67 3413.44 1.000 1795
1797 4 9356.33 534.22 3413.11 1.000 1796
1798 4 9357.33 533.33 3413.00 1.000 1797
1799 4 9359.00 533.00 3413.00 1.000 1798
1800 4 9367.89 533.00 3412.89 1.000 1799
1801 4 9368.56 533.00 3412.56 1.000 1800
1802 4 9368.89 533.00 3411.89 1.000 1801
1803 4 9369.00 533.00 3409.00 1.000 1802
1804 3 9270.00 613.00 3444.00 1.000 1
1805 3 9270.00 613.33 3441.33 1.000 1804
1806 3 9270.00 615.11 3437.11 1.000 1805
1807 3 9269.11 616.11 3435.00 1.000 1806
1808 3 9268.67 617.11 3432.44 1.000 1807
1809 3 9268.33 617.44 3432.11 1.000 1808
1810 3 9268.00 619.56 3431.56 1.000 1809
1811 3 9268.00 620.00 3430.00 1.000 1810
1812 3 9268.00 620.11 3427.11 1.000 1811
1813 3 9268.00 621.11 3424.11 1.000 1812
1814 3 9266.00 623.00 3419.00 1.000 1813
1815 3 9265.89 623.00 3415.11 1.000 1814
1816 3 9265.11 623.00 3412.89 1.000 1815
1817 3 9265.00 623.33 3411.33 1.000 1816
1818 3 9264.33 624.00 3409.67 1.000 1817
1819 3 9264.00 624.00 3408.00 1.000 1818
1820 3 9264.00 624.33 3406.33 1.000 1819
1821 3 9264.00 625.67 3404.67 1.000 1820
1822 3 9264.00 627.78 3400.78 1.000 1821
1823 3 9264.00 629.67 3399.67 1.000 1822
1824 3 9264.00 630.67 3398.67 1.000 1823
1825 3 9263.89 631.00 3397.11 1.000 1824
1826 3 9263.56 631.00 3396.44 1.000 1825
1827 3 9262.44 631.11 3395.67 1.000 1826
1828 3 9262.00 631.67 3394.67 1.000 1827
1829 3 9262.00 632.44 3392.44 1.000 1828
1830 3 9262.00 634.22 3391.22 1.000 1829
1831 3 9262.00 636.67 3387.67 1.000 1830
1832 3 9262.00 638.33 3382.33 1.000 1831
1833 3 9262.67 639.00 3380.67 1.000 1832
1834 3 9263.11 639.00 3377.11 1.000 1833
1835 3 9263.67 639.11 3375.78 1.000 1834
1836 3 9264.89 640.11 3374.00 1.000 1835
1837 3 9265.00 640.33 3373.33 1.000 1836
1838 3 9265.00 641.67 3371.67 1.000 1837
1839 3 9265.00 642.00 3370.00 1.000 1838
1840 3 9265.11 642.00 3367.11 1.000 1839
1841 3 9266.00 642.33 3364.33 1.000 1840
1842 3 9266.33 644.00 3362.33 1.000 1841
1843 3 9267.44 644.89 3361.33 1.000 1842
1844 3 9268.56 645.00 3360.56 1.000 1843
1845 3 9269.00 645.00 3359.00 1.000 1844
1846 3 9269.00 645.33 3357.33 1.000 1845
1847 3 9269.89 646.67 3355.56 1.000 1846
1848 3 9271.00 647.33 3352.33 1.000 1847
1849 3 9271.11 648.67 3350.78 1.000 1848
1850 3 9271.89 650.00 3349.89 1.000 1849
1851 3 9272.11 650.89 3349.00 1.000 1850
1852 3 9273.44 651.00 3346.44 1.000 1851
1853 3 9274.56 651.33 3345.89 1.000 1852
1854 3 9274.89 651.78 3345.67 1.000 1853
1855 3 9275.00 653.78 3343.78 1.000 1854
1856 3 9275.00 655.44 3341.44 1.000 1855
1857 3 9275.00 657.56 3340.56 1.000 1856
1858 3 9275.00 659.33 3338.33 1.000 1857
1859 3 9275.00 661.56 3337.56 1.000 1858
1860 3 9275.00 662.00 3337.00 1.000 1859
1861 3 9275.00 664.33 3332.33 1.000 1860
1862 3 9275.00 665.67 3330.67 1.000 1861
1863 3 9274.89 665.89 3330.00 1.000 1862
1864 3 9273.56 666.00 3325.44 1.000 1863
1865 3 9272.00 666.00 3325.00 1.000 1864
1866 3 9267.11 624.79 3424.01 1.000 1813
1867 3 9266.89 627.89 3424.00 1.000 1866
1868 3 9266.00 631.00 3424.00 1.000 1867
1869 3 9266.11 634.89 3424.00 1.000 1868
1870 3 9266.89 637.11 3424.00 1.000 1869
1871 3 9267.11 641.89 3424.00 1.000 1870
1872 3 9268.00 645.00 3424.00 1.000 1871
1873 3 9268.00 658.00 3424.00 1.000 1872
1874 3 9267.67 659.67 3424.00 1.000 1873
1875 3 9267.11 660.78 3423.67 1.000 1874
1876 3 9267.00 662.33 3422.33 1.000 1875
1877 3 9267.00 663.11 3422.11 1.000 1876
1878 3 9266.89 667.89 3422.00 1.000 1877
1879 3 9266.11 670.00 3421.89 1.000 1878
1880 3 9265.89 672.89 3421.00 1.000 1879
1881 3 9265.00 676.00 3421.00 1.000 1880
1882 3 9265.00 680.89 3420.89 1.000 1881
1883 3 9264.89 683.00 3420.11 1.000 1882
1884 3 9263.33 686.33 3420.00 1.000 1883
1885 3 9263.00 687.89 3419.89 1.000 1884
1886 3 9263.00 688.67 3419.67 1.000 1885
1887 3 9263.00 690.33 3418.33 1.000 1886
1888 3 9263.00 694.89 3417.89 1.000 1887
1889 3 9263.00 695.56 3417.56 1.000 1888
1890 3 9263.00 697.33 3415.33 1.000 1889
1891 3 9262.89 699.22 3414.33 1.000 1890
1892 3 9262.11 700.44 3413.33 1.000 1891
1893 3 9262.00 702.00 3413.00 1.000 1892
1894 3 9262.00 705.00 3413.00 1.000 1893
1895 3 9264.33 610.00 3452.33 2.000 1
1896 3 9263.71 612.36 3453.14 3.000 1895
1897 3 9263.40 614.40 3453.80 2.000 1896
1898 3 9261.53 615.53 3454.13 2.000 1897
1899 3 9260.46 617.15 3455.62 2.000 1898
1900 3 9259.63 619.25 3456.88 2.000 1899
1901 3 9258.67 618.40 3459.13 3.000 1900
1902 3 9259.30 619.83 3460.07 3.000 1901
1903 3 9257.50 620.53 3462.92 1.000 1902
1904 3 9256.06 618.84 3464.30 1.000 1903
1905 3 9255.17 618.17 3464.77 1.000 1904
1906 3 9253.67 617.33 3465.00 1.000 1905
1907 3 9252.00 617.00 3465.00 1.000 1906
1908 3 9250.44 617.00 3465.44 1.000 1907
1909 3 9249.56 617.00 3467.56 1.000 1908
1910 3 9248.89 617.00 3467.89 1.000 1909
1911 3 9244.33 617.00 3468.33 1.000 1910
1912 3 9243.33 617.00 3469.33 1.000 1911
1913 3 9242.67 617.00 3470.67 1.000 1912
1914 3 9242.00 617.33 3471.67 1.000 1913
1915 3 9239.44 618.33 3472.11 1.000 1914
1916 3 9238.67 619.11 3473.56 1.000 1915
1917 3 9235.33 620.89 3475.44 1.000 1916
1918 3 9234.89 621.00 3477.89 1.000 1917
1919 3 9234.56 621.00 3478.56 1.000 1918
1920 3 9233.89 621.00 3478.89 1.000 1919
1921 3 9230.33 621.33 3479.00 1.000 1920
1922 3 9228.67 622.67 3479.00 1.000 1921
1923 3 9226.78 623.67 3479.11 1.000 1922
1924 3 9225.00 624.11 3479.89 1.000 1923
1925 3 9222.89 624.89 3480.00 1.000 1924
1926 3 9215.11 625.11 3480.00 1.000 1925
1927 3 9212.89 625.89 3480.00 1.000 1926
1928 3 9210.11 626.11 3480.00 1.000 1927
1929 3 9207.00 627.00 3480.00 1.000 1928
1930 3 9201.00 627.00 3480.00 1.000 1929
1931 3 9199.33 626.67 3480.00 1.000 1930
1932 3 9193.33 624.67 3480.00 1.000 1931
1933 3 9191.44 623.56 3480.00 1.000 1932
1934 3 9190.56 622.44 3480.00 1.000 1933
1935 3 9187.00 621.11 3479.89 1.000 1934
1936 3 9183.33 621.00 3478.67 1.000 1935
1937 3 9181.67 621.00 3477.33 1.000 1936
1938 3 9181.00 621.11 3477.11 1.000 1937
1939 3 9178.00 622.00 3477.00 1.000 1938
1940 3 9173.11 621.89 3477.00 1.000 1939
1941 3 9172.44 621.56 3477.00 1.000 1940
1942 3 9169.00 618.00 3477.00 1.000 1941
1943 3 9165.78 616.33 3477.11 1.000 1942
1944 3 9165.11 615.89 3478.00 1.000 1943
1945 3 9164.89 614.78 3479.67 1.000 1944
1946 3 9164.56 614.33 3479.89 1.000 1945
1947 3 9163.44 614.00 3480.44 1.000 1946
1948 3 9162.33 613.11 3482.44 1.000 1947
1949 3 9162.00 613.00 3484.00 1.000 1948
1950 3 9256.71 622.57 3466.14 2.000 1903
1951 3 9255.62 622.61 3468.15 3.000 1950
1952 3 9254.89 625.79 3470.50 3.000 1951
1953 3 9252.50 627.00 3471.33 3.000 1952
1954 3 9250.83 627.25 3474.00 3.000 1953
1955 3 9249.67 627.40 3476.13 3.000 1954
1956 3 9247.67 628.33 3478.27 3.000 1955
1957 3 9248.90 628.85 3481.45 3.000 1956
1958 3 9247.75 627.50 3483.00 3.000 1957
1959 3 9246.07 628.61 3486.44 3.000 1958
1960 3 9244.67 630.00 3490.00 2.000 1959
1961 3 9243.37 629.29 3492.94 3.000 1960
1962 3 9241.37 630.93 3495.12 3.000 1961
1963 3 9239.79 632.29 3497.00 3.000 1962
1964 3 9238.53 631.53 3499.13 3.000 1963
1965 3 9238.00 633.43 3501.09 3.000 1964
1966 3 9235.50 633.42 3503.33 3.000 1965
1967 3 9233.73 633.54 3505.82 3.000 1966
1968 3 9231.82 633.46 3508.00 3.000 1967
1969 3 9229.83 634.17 3509.08 2.000 1968
1970 3 9226.71 633.58 3511.58 3.000 1969
1971 3 9223.89 634.11 3513.89 3.000 1970
1972 3 9223.33 635.13 3517.17 4.000 1971
1973 3 9221.27 636.77 3520.86 3.000 1972
1974 3 9218.32 638.41 3522.98 3.000 1973
1975 3 9217.71 638.16 3527.44 3.000 1974
1976 3 9213.20 638.67 3529.70 3.000 1975
1977 3 9212.60 636.70 3531.10 3.000 1976
1978 3 9211.60 636.60 3534.20 3.000 1977
1979 3 9209.69 635.46 3534.08 3.000 1978
1980 3 9207.37 636.16 3535.42 3.000 1979
1981 3 9206.88 636.13 3537.50 3.000 1980
1982 3 9205.75 635.50 3539.00 2.000 1981
1983 3 9202.46 635.73 3543.09 2.000 1982
1984 3 9199.48 634.91 3545.48 3.000 1983
1985 3 9197.71 635.07 3547.14 2.000 1984
1986 3 9195.79 636.14 3547.07 3.000 1985
1987 3 9193.80 637.30 3547.00 2.000 1986
1988 3 9191.75 636.50 3547.00 3.000 1987
1989 3 9189.64 637.50 3547.14 3.000 1988
1990 3 9186.69 638.46 3547.08 3.000 1989
1991 3 9184.53 639.53 3548.13 3.000 1990
1992 3 9182.25 639.25 3548.25 2.000 1991
1993 3 9180.33 640.00 3548.33 1.000 1992
1994 3 9178.25 640.25 3549.25 2.000 1993
1995 3 9177.33 639.33 3550.00 2.000 1994
1996 3 9175.25 639.45 3551.25 3.000 1995
1997 3 9170.28 639.50 3551.33 1.000 1996
1998 3 9168.09 637.72 3549.44 1.000 1997
1999 3 9167.36 636.83 3548.59 1.000 1998
2000 3 9167.00 635.89 3548.11 1.000 1999
2001 3 9166.89 633.11 3548.00 1.000 2000
2002 3 9165.00 631.00 3548.00 1.000 2001
2003 3 9255.50 626.50 3473.33 3.000 1952
2004 3 9257.03 628.17 3475.59 3.000 2003
2005 3 9257.93 628.54 3479.07 3.000 2004
2006 3 9257.77 629.23 3482.00 3.000 2005
2007 3 9260.03 629.78 3483.55 3.000 2006
2008 3 9261.10 630.47 3486.57 3.000 2007
2009 3 9262.45 630.78 3489.33 3.000 2008
2010 3 9262.70 632.60 3491.30 3.000 2009
2011 3 9261.33 633.33 3493.00 2.000 2010
2012 3 9262.33 633.00 3494.33 1.000 2011
2013 3 9263.00 633.50 3495.00 2.000 2012
2014 3 9264.10 636.48 3496.94 3.000 2013
2015 3 9264.05 637.82 3501.39 3.000 2014
2016 3 9265.23 638.20 3505.86 3.000 2015
2017 3 9266.53 639.29 3508.12 3.000 2016
2018 3 9267.85 637.10 3511.62 3.000 2017
2019 3 9268.77 636.23 3515.08 3.000 2018
2020 3 9270.73 636.13 3516.13 3.000 2019
2021 3 9271.71 635.36 3518.14 3.000 2020
2022 3 9273.95 635.30 3519.44 3.000 2021
2023 3 9276.00 634.90 3521.90 2.000 2022
2024 3 9277.83 635.25 3523.00 3.000 2023
2025 3 9279.69 634.46 3523.15 3.000 2024
2026 3 9281.82 634.27 3525.09 3.000 2025
2027 3 9283.23 636.46 3525.61 3.000 2026
2028 3 9284.35 638.06 3527.41 3.000 2027
2029 3 9285.71 639.90 3530.37 3.000 2028
2030 3 9286.26 641.35 3533.13 4.000 2029
2031 3 9286.50 643.13 3535.44 3.000 2030
2032 3 9282.33 641.00 3543.33 1.000 2031
2033 3 9280.44 641.00 3544.44 1.000 2032
2034 3 9279.56 641.00 3545.56 1.000 2033
2035 3 9278.00 641.00 3546.00 1.000 2034
2036 3 9275.37 615.52 3447.77 1.000 1
2037 3 9276.00 619.67 3442.67 1.000 2036
2038 3 9276.00 620.44 3439.44 1.000 2037
2039 3 9276.00 623.67 3438.67 1.000 2038
2040 3 9276.00 625.00 3437.00 1.000 2039
2041 3 9277.78 624.11 3432.33 1.000 2040
2042 3 9278.11 624.00 3429.11 1.000 2041
2043 3 9278.89 624.00 3426.89 1.000 2042
2044 3 9279.00 624.00 3422.00 1.000 2043
2045 3 9279.44 624.00 3420.44 1.000 2044
2046 3 9281.67 624.00 3419.67 1.000 2045
2047 3 9280.56 624.33 3417.11 1.000 2046
2048 3 9279.11 623.89 3412.00 1.000 2047
2049 3 9278.89 623.11 3410.00 1.000 2048
2050 3 9277.89 622.11 3408.00 1.000 2049
2051 3 9276.44 622.00 3406.56 1.000 2050
2052 3 9275.33 621.89 3403.78 1.000 2051
2053 3 9274.67 620.11 3402.22 1.000 2052
2054 3 9273.33 620.00 3400.67 1.000 2053
2055 3 9273.00 620.00 3399.00 1.000 2054
2056 3 9273.00 619.67 3397.33 1.000 2055
2057 3 9272.89 619.11 3396.00 1.000 2056
2058 3 9272.11 618.89 3394.00 1.000 2057
2059 3 9271.89 618.33 3392.78 1.000 2058
2060 3 9270.00 617.67 3391.33 1.000 2059
2061 3 9268.33 615.00 3390.67 1.000 2060
2062 3 9268.00 613.67 3389.33 1.000 2061
2063 3 9268.00 612.00 3389.00 1.000 2062
2064 3 9268.00 606.11 3388.89 1.000 2063
2065 3 9268.00 605.44 3388.56 1.000 2064
2066 3 9268.11 604.67 3387.44 1.000 2065
2067 3 9269.00 602.44 3386.56 1.000 2066
2068 3 9269.00 601.00 3383.00 1.000 2067
2069 3 9270.00 594.00 3381.00 1.000 2068
2070 3 9270.00 592.78 3380.22 1.000 2069
2071 3 9270.00 591.00 3378.00 1.000 2070
2072 3 9270.00 587.33 3376.67 1.000 2071
2073 3 9269.11 585.33 3375.56 1.000 2072
2074 3 9269.00 584.56 3374.44 1.000 2073
2075 3 9269.00 583.44 3373.56 1.000 2074
2076 3 9269.00 582.56 3371.44 1.000 2075
2077 3 9269.00 581.89 3371.11 1.000 2076
2078 3 9269.00 577.00 3371.00 1.000 2077
2079 3 9269.00 573.00 3370.00 1.000 2078
2080 3 9268.89 568.11 3370.00 1.000 2079
2081 3 9267.67 564.33 3370.00 1.000 2080
2082 3 9266.67 562.33 3370.00 1.000 2081
2083 3 9265.33 560.67 3370.00 1.000 2082
2084 3 9264.67 558.33 3370.00 1.000 2083
2085 3 9263.00 556.00 3370.00 1.000 2084
2086 3 9261.33 552.78 3371.11 1.000 2085
2087 3 9261.11 552.33 3371.33 1.000 2086
2088 3 9261.00 552.00 3372.00 1.000 2087
2089 3 9283.67 624.00 3418.67 1.000 2046
2090 3 9285.33 624.00 3417.33 1.000 2089
2091 3 9287.67 624.00 3416.67 1.000 2090
2092 3 9288.22 624.00 3416.22 1.000 2091
2093 3 9289.44 623.33 3415.11 1.000 2092
2094 3 9292.00 622.89 3414.11 1.000 2093
2095 3 9292.56 622.56 3414.00 1.000 2094
2096 3 9293.11 621.44 3413.67 1.000 2095
2097 3 9294.00 621.00 3413.00 1.000 2096
2098 3 9296.11 621.00 3412.11 1.000 2097
2099 3 9298.89 621.00 3411.89 1.000 2098
2100 3 9300.22 621.11 3411.33 1.000 2099
2101 3 9300.78 621.33 3411.11 1.000 2100
2102 3 9303.22 623.78 3410.00 1.000 2101
2103 3 9305.00 625.00 3410.00 1.000 2102
2104 3 9306.00 625.67 3409.67 1.000 2103
2105 3 9306.67 626.44 3409.11 1.000 2104
2106 3 9307.67 628.22 3408.89 1.000 2105
2107 3 9308.44 629.67 3408.11 1.000 2106
2108 3 9309.56 630.00 3407.56 1.000 2107
2109 3 9310.33 630.11 3405.44 1.000 2108
2110 3 9312.67 631.00 3404.67 1.000 2109
2111 3 9314.22 631.11 3403.33 1.000 2110
2112 3 9315.44 631.89 3402.33 1.000 2111
2113 3 9317.00 632.33 3401.33 1.000 2112
2114 3 9318.11 632.89 3401.00 1.000 2113
2115 3 9320.22 633.11 3400.33 1.000 2114
2116 3 9322.11 633.89 3400.00 1.000 2115
2117 3 9323.56 634.00 3399.56 1.000 2116
2118 3 9324.44 634.89 3397.33 1.000 2117
2119 3 9326.67 635.00 3396.67 1.000 2118
2120 3 9328.67 635.00 3395.67 1.000 2119
2121 3 9329.67 635.00 3394.67 1.000 2120
2122 3 9331.33 635.00 3391.33 1.000 2121
2123 3 9332.67 634.11 3389.56 1.000 2122
2124 3 9333.33 634.00 3385.33 1.000 2123
2125 3 9334.44 633.11 3383.33 1.000 2124
2126 3 9335.56 633.00 3382.56 1.000 2125
2127 3 9336.00 633.00 3381.00 1.000 2126
2128 3 9274.22 628.67 3436.00 1.000 2040
2129 3 9274.00 630.33 3435.33 1.000 2128
2130 3 9274.00 635.89 3434.89 1.000 2129
2131 3 9274.00 639.00 3434.00 1.000 2130
2132 3 9274.00 643.89 3433.89 1.000 2131
2133 3 9274.00 646.11 3433.11 1.000 2132
2134 3 9273.89 650.56 3432.67 1.000 2133
2135 3 9273.22 651.00 3431.78 1.000 2134
2136 3 9272.00 651.11 3431.11 1.000 2135
2137 3 9268.44 652.44 3431.00 1.000 2136
2138 3 9267.00 656.00 3431.00 1.000 2137
2139 3 9266.00 658.00 3432.00 1.000 2138
2140 3 9262.00 663.00 3433.00 1.000 2139
2141 3 9260.44 664.44 3433.00 1.000 2140
2142 3 9259.89 665.56 3433.33 1.000 2141
2143 3 9258.89 667.22 3434.67 1.000 2142
2144 3 9258.11 669.00 3435.11 1.000 2143
2145 3 9257.56 670.67 3435.89 1.000 2144
2146 3 9256.33 671.33 3436.00 1.000 2145
2147 3 9254.33 673.22 3436.11 1.000 2146
2148 3 9253.67 674.78 3436.89 1.000 2147
2149 3 9250.33 679.22 3437.11 1.000 2148
2150 3 9249.00 681.00 3438.00 1.000 2149
2151 3 9247.33 684.22 3438.11 1.000 2150
2152 3 9246.33 686.44 3439.89 1.000 2151
2153 3 9244.67 691.67 3440.00 1.000 2152
2154 3 9241.33 696.33 3440.00 1.000 2153
2155 3 9240.00 699.00 3440.00 1.000 2154
2156 3 9238.44 700.44 3440.00 1.000 2155
2157 3 9234.56 705.56 3440.00 1.000 2156
2158 3 9233.44 706.44 3440.00 1.000 2157
2159 3 9232.67 707.56 3440.11 1.000 2158
2160 3 9230.78 708.78 3441.00 1.000 2159
2161 3 9228.22 711.22 3441.00 1.000 2160
2162 3 9225.22 713.22 3441.00 1.000 2161
2163 3 9221.78 716.78 3441.00 1.000 2162
2164 3 9219.00 718.00 3444.00 1.000 2163
2165 3 9217.33 717.67 3444.00 1.000 2164
2166 3 9215.44 716.67 3443.89 1.000 2165
2167 3 9214.67 715.22 3443.11 1.000 2166
2168 3 9214.00 714.00 3443.00 1.000 2167
2169 3 9272.33 617.44 3449.89 1.000 2036
2170 3 9269.67 622.56 3450.11 1.000 2169
2171 3 9268.00 625.67 3451.33 1.000 2170
2172 3 9266.89 627.22 3452.67 1.000 2171
2173 3 9265.56 629.67 3453.89 1.000 2172
2174 3 9260.00 631.00 3454.00 1.000 2173
2175 3 9253.11 631.00 3453.89 1.000 2174
2176 3 9252.44 631.00 3453.56 1.000 2175
2177 3 9251.56 631.00 3452.44 1.000 2176
2178 3 9250.11 631.11 3452.00 1.000 2177
2179 3 9247.44 632.11 3451.67 1.000 2178
2180 3 9245.00 633.67 3450.67 1.000 2179
2181 3 9244.33 634.33 3450.11 1.000 2180
2182 3 9244.00 635.00 3450.00 1.000 2181
2183 3 9239.00 635.00 3453.00 1.000 2182
2184 3 9238.56 634.33 3453.00 1.000 2183
2185 3 9233.89 633.11 3453.00 1.000 2184
2186 3 9227.11 633.11 3453.00 1.000 2185
2187 3 9226.44 633.44 3453.00 1.000 2186
2188 3 9224.78 635.78 3453.00 1.000 2187
2189 3 9223.67 636.67 3453.00 1.000 2188
2190 3 9220.33 637.33 3453.00 1.000 2189
2191 3 9219.78 637.78 3453.00 1.000 2190
2192 3 9219.33 638.33 3453.00 1.000 2191
2193 3 9218.56 641.56 3453.00 1.000 2192
2194 3 9215.67 643.67 3453.00 1.000 2193
2195 3 9211.78 645.78 3453.00 1.000 2194
2196 3 9210.56 647.67 3452.11 1.000 2195
2197 3 9207.67 649.67 3452.00 1.000 2196
2198 3 9205.33 650.33 3452.00 1.000 2197
2199 3 9203.67 651.67 3452.00 1.000 2198
2200 3 9201.67 652.67 3452.00 1.000 2199
2201 3 9199.11 653.00 3451.89 1.000 2200
2202 3 9197.22 653.33 3451.11 1.000 2201
2203 3 9194.67 654.67 3451.00 1.000 2202
2204 3 9192.33 655.33 3451.00 1.000 2203
2205 3 9190.67 656.67 3451.00 1.000 2204
2206 3 9183.33 657.33 3451.00 1.000 2205
2207 3 9182.22 657.89 3450.67 1.000 2206
2208 3 9180.89 658.00 3450.11 1.000 2207
2209 3 9163.00 658.00 3450.00 1.000 2208
2210 3 9160.78 657.33 3450.11 1.000 2209
2211 3 9159.67 657.00 3450.67 1.000 2210
2212 3 9158.11 656.89 3451.00 1.000 2211
2213 3 9155.89 656.11 3451.00 1.000 2212
2214 3 9150.00 656.00 3451.00 1.000 2213
2215 3 9148.44 655.56 3451.00 1.000 2214
2216 3 9147.56 654.44 3451.00 1.000 2215
2217 3 9146.89 654.11 3451.00 1.000 2216
2218 3 9145.33 654.00 3451.33 1.000 2217
2219 3 9144.22 653.67 3451.89 1.000 2218
2220 3 9142.89 653.11 3452.00 1.000 2219
2221 3 9141.33 653.00 3452.33 1.000 2220
2222 3 9140.33 653.00 3453.33 1.000 2221
2223 3 9139.67 652.33 3455.00 1.000 2222
2224 3 9138.33 651.89 3456.22 1.000 2223
2225 3 9138.00 651.33 3457.33 1.000 2224
2226 3 9138.00 651.00 3459.00 1.000 2225
2227 3 9256.56 631.33 3455.78 1.000 2174
2228 3 9255.33 632.33 3456.00 1.000 2227
2229 3 9254.89 634.89 3456.00 1.000 2228
2230 3 9254.11 637.00 3455.89 1.000 2229
2231 3 9253.89 639.00 3455.11 1.000 2230
2232 3 9252.33 642.33 3454.00 1.000 2231
2233 3 9251.67 644.67 3454.00 1.000 2232
2234 3 9250.33 647.33 3454.00 1.000 2233
2235 3 9249.67 650.67 3454.00 1.000 2234
2236 3 9248.11 655.00 3453.89 1.000 2235
2237 3 9248.00 657.11 3453.11 1.000 2236
2238 3 9247.89 659.56 3452.67 1.000 2237
2239 3 9247.11 661.00 3451.89 1.000 2238
2240 3 9246.89 663.00 3451.11 1.000 2239
2241 3 9246.33 664.33 3451.00 1.000 2240
2242 3 9246.00 666.00 3451.00 1.000 2241
2243 3 9246.00 676.00 3451.00 1.000 2242
2244 3 9245.00 680.00 3451.00 1.000 2243
2245 3 9244.89 686.89 3451.00 1.000 2244
2246 3 9243.11 691.11 3451.00 1.000 2245
2247 3 9242.89 698.89 3451.00 1.000 2246
2248 3 9240.67 703.67 3451.00 1.000 2247
2249 3 9239.33 705.33 3451.00 1.000 2248
2250 3 9238.89 709.89 3451.00 1.000 2249
2251 3 9238.11 712.11 3451.00 1.000 2250
2252 3 9237.89 714.89 3451.00 1.000 2251
2253 3 9235.11 721.11 3451.00 1.000 2252
2254 3 9235.00 722.67 3451.33 1.000 2253
2255 3 9235.00 723.22 3451.78 1.000 2254
2256 3 9235.00 724.67 3454.33 1.000 2255
2257 3 9235.00 725.44 3456.56 1.000 2256
2258 3 9235.00 728.56 3458.44 1.000 2257
2259 3 9235.00 729.44 3460.56 1.000 2258
2260 3 9235.00 731.00 3461.00 1.000 2259
2261 3 9235.00 733.00 3461.00 1.000 2260
2262 3 9266.52 632.33 3455.96 1.000 2173
2263 3 9267.00 634.67 3457.33 1.000 2262
2264 3 9267.00 636.11 3457.89 1.000 2263
2265 3 9267.00 637.89 3458.11 1.000 2264
2266 3 9267.00 638.56 3458.44 1.000 2265
2267 3 9267.00 639.44 3459.56 1.000 2266
2268 3 9267.00 642.56 3460.44 1.000 2267
2269 3 9266.67 643.78 3461.89 1.000 2268
2270 3 9266.00 645.67 3462.33 1.000 2269
2271 3 9266.00 651.00 3464.00 1.000 2270
2272 3 9266.00 654.00 3464.00 1.000 2271
2273 3 9263.67 653.44 3466.00 1.000 2272
2274 3 9262.11 653.67 3467.44 1.000 2273
2275 3 9262.00 654.00 3469.00 1.000 2274
2276 3 9261.67 654.00 3470.67 1.000 2275
2277 3 9261.00 654.33 3471.67 1.000 2276
2278 3 9259.89 655.67 3473.22 1.000 2277
2279 3 9259.33 656.00 3474.33 1.000 2278
2280 3 9259.00 656.00 3476.00 1.000 2279
2281 3 9259.00 656.33 3477.67 1.000 2280
2282 3 9259.00 658.00 3480.00 1.000 2281
2283 3 9259.00 658.44 3480.56 1.000 2282
2284 3 9259.00 660.56 3481.44 1.000 2283
2285 3 9259.00 661.44 3483.56 1.000 2284
2286 3 9259.00 662.56 3484.44 1.000 2285
2287 3 9259.00 662.89 3485.11 1.000 2286
2288 3 9259.00 664.00 3489.00 1.000 2287
2289 3 9258.00 664.11 3492.89 1.000 2288
2290 3 9258.00 664.33 3493.67 1.000 2289
2291 3 9258.00 665.67 3495.33 1.000 2290
2292 3 9257.67 666.11 3497.56 1.000 2291
2293 3 9256.33 667.44 3498.89 1.000 2292
2294 3 9255.89 669.22 3499.67 1.000 2293
2295 3 9255.33 670.00 3500.33 1.000 2294
2296 3 9255.00 671.44 3502.56 1.000 2295
2297 3 9254.89 673.67 3504.22 1.000 2296
2298 3 9254.11 674.67 3505.44 1.000 2297
2299 3 9253.67 675.11 3507.56 1.000 2298
2300 3 9252.89 675.89 3509.00 1.000 2299
2301 3 9251.89 676.33 3511.56 1.000 2300
2302 3 9250.89 676.89 3512.00 1.000 2301
2303 3 9248.11 677.00 3512.11 1.000 2302
2304 3 9246.78 677.11 3512.67 1.000 2303
2305 3 9244.11 678.67 3514.44 1.000 2304
2306 3 9244.00 679.11 3515.89 1.000 2305
2307 3 9244.00 679.44 3516.56 1.000 2306
2308 3 9244.00 680.11 3516.89 1.000 2307
2309 3 9244.00 682.56 3517.44 1.000 2308
2310 3 9244.00 684.00 3520.00 1.000 2309
2311 3 9244.00 685.11 3520.89 1.000 2310
2312 3 9244.11 691.89 3521.00 1.000 2311
2313 3 9244.67 692.89 3521.33 1.000 2312
2314 3 9245.00 693.00 3522.00 1.000 2313
2315 3 9266.33 655.67 3464.00 1.000 2272
2316 3 9267.33 658.67 3464.00 1.000 2315
2317 3 9269.67 663.33 3464.00 1.000 2316
2318 3 9270.67 666.33 3464.00 1.000 2317
2319 3 9271.00 667.67 3464.33 1.000 2318
2320 3 9271.00 668.22 3464.78 1.000 2319
2321 3 9271.11 668.89 3466.00 1.000 2320
2322 3 9271.67 669.44 3466.89 1.000 2321
2323 3 9272.33 672.67 3467.00 1.000 2322
2324 3 9274.67 677.33 3467.00 1.000 2323
2325 3 9275.67 679.44 3467.89 1.000 2324
2326 3 9276.67 681.22 3468.11 1.000 2325
2327 3 9277.11 683.00 3468.89 1.000 2326
2328 3 9277.67 684.33 3469.00 1.000 2327
2329 3 9278.00 686.00 3469.00 1.000 2328
2330 3 9278.00 691.00 3469.00 1.000 2329
2331 3 9279.00 698.00 3470.00 1.000 2330
2332 3 9280.33 705.67 3471.00 1.000 2331
2333 3 9281.33 707.67 3471.00 1.000 2332
2334 3 9282.67 709.33 3471.00 1.000 2333
2335 3 9284.00 715.00 3470.00 1.000 2334
2336 3 9284.00 722.00 3469.00 1.000 2335
2337 3 9284.00 729.00 3469.00 1.000 2336
2338 3 9284.00 732.11 3469.89 1.000 2337
2339 3 9284.11 733.89 3470.00 1.000 2338
2340 3 9284.89 736.11 3470.00 1.000 2339
2341 3 9286.33 742.67 3470.00 1.000 2340
2342 3 9287.33 744.56 3470.00 1.000 2341
2343 3 9288.00 745.00 3470.00 1.000 2342
2344 3 9279.00 611.00 3451.00 1.000 1
2345 3 9282.44 612.89 3446.33 1.000 2344
2346 3 9285.56 613.56 3445.22 1.000 2345
2347 3 9288.00 614.67 3443.67 1.000 2346
2348 3 9290.33 615.67 3442.00 1.000 2347
2349 3 9292.67 616.33 3442.00 1.000 2348
2350 3 9295.33 618.67 3442.00 1.000 2349
2351 3 9296.00 618.89 3441.89 1.000 2350
2352 3 9296.56 619.11 3441.67 1.000 2351
2353 3 9297.33 620.00 3440.33 1.000 2352
2354 3 9297.78 620.33 3440.11 1.000 2353
2355 3 9299.89 621.11 3440.00 1.000 2354
2356 3 9303.67 624.22 3439.89 1.000 2355
2357 3 9304.11 624.89 3439.00 1.000 2356
2358 3 9305.00 625.11 3438.11 1.000 2357
2359 3 9307.56 627.33 3437.89 1.000 2358
2360 3 9308.44 628.00 3436.44 1.000 2359
2361 3 9309.11 628.00 3436.11 1.000 2360
2362 3 9310.67 628.33 3436.00 1.000 2361
2363 3 9312.22 629.67 3435.89 1.000 2362
2364 3 9313.44 630.67 3435.11 1.000 2363
2365 3 9314.56 631.44 3435.00 1.000 2364
2366 3 9315.33 633.67 3435.00 1.000 2365
2367 3 9316.00 634.67 3434.67 1.000 2366
2368 3 9317.67 635.33 3434.00 1.000 2367
2369 3 9320.56 637.44 3434.00 1.000 2368
2370 3 9322.00 639.00 3434.00 1.000 2369
2371 3 9325.00 641.00 3434.00 1.000 2370
2372 3 9326.33 642.00 3433.33 1.000 2371
2373 3 9326.89 643.11 3433.00 1.000 2372
2374 3 9327.11 644.89 3433.00 1.000 2373
2375 3 9327.67 646.22 3432.89 1.000 2374
2376 3 9328.89 647.67 3431.56 1.000 2375
2377 3 9329.67 648.11 3429.78 1.000 2376
2378 3 9330.33 648.78 3429.11 1.000 2377
2379 3 9332.00 650.67 3428.67 1.000 2378
2380 3 9333.56 651.33 3427.89 1.000 2379
2381 3 9334.78 652.33 3427.11 1.000 2380
2382 3 9336.44 654.56 3427.00 1.000 2381
2383 3 9339.00 655.00 3427.00 1.000 2382
2384 3 9341.44 657.11 3426.00 1.000 2383
2385 3 9341.89 657.67 3425.56 1.000 2384
2386 3 9342.44 658.00 3424.44 1.000 2385
2387 3 9343.11 658.00 3424.11 1.000 2386
2388 3 9347.00 658.00 3424.00 1.000 2387
2389 3 9348.67 658.33 3424.00 1.000 2388
2390 3 9350.44 660.56 3424.00 1.000 2389
2391 3 9354.22 661.67 3423.89 1.000 2390
2392 3 9354.67 661.89 3423.56 1.000 2391
2393 3 9355.33 662.11 3421.44 1.000 2392
2394 3 9355.78 662.33 3421.11 1.000 2393
2395 3 9356.67 663.22 3420.89 1.000 2394
2396 3 9357.33 664.67 3420.00 1.000 2395
2397 3 9357.89 665.11 3419.00 1.000 2396
2398 3 9358.00 666.56 3417.56 1.000 2397
2399 3 9358.33 667.11 3416.44 1.000 2398
2400 3 9359.67 668.33 3415.00 1.000 2399
2401 3 9360.33 669.78 3413.11 1.000 2400
2402 3 9362.22 671.78 3412.00 1.000 2401
2403 3 9363.33 672.67 3412.00 1.000 2402
2404 3 9364.67 673.00 3411.67 1.000 2403
2405 3 9369.67 673.00 3409.67 1.000 2404
2406 3 9370.67 673.00 3408.67 1.000 2405
2407 3 9371.44 672.11 3406.33 1.000 2406
2408 3 9373.56 671.67 3405.89 1.000 2407
2409 3 9373.89 671.33 3405.56 1.000 2408
2410 3 9374.00 670.67 3403.33 1.000 2409
2411 3 9374.11 669.78 3402.33 1.000 2410
2412 3 9374.89 668.56 3401.33 1.000 2411
2413 3 9375.33 667.44 3400.89 1.000 2412
2414 3 9376.33 666.22 3400.11 1.000 2413
2415 3 9377.67 665.00 3399.67 1.000 2414
2416 3 9378.33 663.44 3398.89 1.000 2415
2417 3 9378.78 663.11 3398.67 1.000 2416
2418 3 9380.11 663.00 3398.11 1.000 2417
2419 3 9383.00 663.00 3398.00 1.000 2418
2420 3 9280.33 613.11 3451.33 1.000 2344
2421 3 9282.26 611.46 3451.04 1.000 2420
2422 3 9285.52 610.30 3451.00 1.000 2421
2423 3 9287.89 608.89 3451.00 1.000 2422
2424 3 9291.41 607.41 3454.35 3.000 2423
2425 3 9293.25 605.25 3454.25 1.000 2424
2426 3 9296.25 604.25 3451.25 2.000 2425
2427 3 9297.50 604.00 3450.00 2.000 2426
2428 3 9298.50 603.00 3450.00 1.000 2427
2429 3 9300.50 603.00 3450.00 1.000 2428
2430 3 9301.33 603.00 3448.33 2.000 2429
2431 3 9303.73 603.27 3448.18 2.000 2430
2432 3 9305.60 602.20 3447.33 2.000 2431
2433 3 9307.63 601.25 3447.31 2.000 2432
2434 3 9309.64 600.64 3447.18 3.000 2433
2435 3 9311.69 600.31 3445.23 3.000 2434
2436 3 9314.26 599.06 3445.56 3.000 2435
2437 3 9316.73 598.27 3445.27 2.000 2436
2438 3 9318.75 597.50 3445.00 2.000 2437
2439 3 9320.73 598.13 3444.20 2.000 2438
2440 3 9322.77 598.23 3442.15 3.000 2439
2441 3 9324.50 597.20 3441.60 3.000 2440
2442 3 9327.79 599.32 3438.57 4.000 2441
2443 3 9332.22 598.55 3437.98 3.000 2442
2444 3 9334.69 596.39 3438.08 3.000 2443
2445 3 9338.12 596.19 3437.15 3.000 2444
2446 3 9341.11 594.83 3435.42 3.000 2445
2447 3 9343.83 595.16 3431.51 3.000 2446
2448 3 9346.63 594.25 3431.31 3.000 2447
2449 3 9350.18 593.90 3432.14 4.000 2448
2450 3 9353.94 591.64 3431.38 4.000 2449
2451 3 9357.69 591.28 3431.12 3.000 2450
2452 3 9361.14 588.69 3430.86 3.000 2451
2453 3 9364.24 586.37 3429.53 3.000 2452
2454 3 9366.67 585.10 3431.57 3.000 2453
2455 3 9369.87 585.04 3431.09 3.000 2454
2456 3 9373.83 583.64 3434.84 3.000 2455
2457 3 9378.85 583.15 3434.96 3.000 2456
2458 3 9382.06 581.65 3435.71 3.000 2457
2459 3 9383.36 580.67 3438.25 3.000 2458
2460 3 9385.70 578.86 3439.68 3.000 2459
2461 3 9388.35 575.81 3442.32 3.000 2460
2462 3 9389.67 572.67 3447.00 1.000 2461
2463 3 9391.00 569.00 3447.00 1.000 2462
2464 3 9391.33 568.44 3447.11 1.000 2463
2465 3 9392.67 567.56 3447.89 1.000 2464
2466 3 9393.89 565.22 3448.33 1.000 2465
2467 3 9394.00 563.89 3448.89 1.000 2466
2468 3 9394.00 561.33 3449.33 1.000 2467
2469 3 9394.00 559.33 3450.33 1.000 2468
2470 3 9394.00 558.33 3451.33 1.000 2469
2471 3 9394.00 557.00 3454.00 1.000 2470
2472 3 9296.19 604.42 3455.42 1.000 2425
2473 3 9299.56 604.00 3456.44 1.000 2472
2474 3 9301.22 603.89 3458.67 1.000 2473
2475 3 9303.78 602.67 3459.89 1.000 2474
2476 3 9307.11 601.11 3460.00 1.000 2475
2477 3 9309.00 601.00 3461.00 1.000 2476
2478 3 9312.11 600.11 3463.44 1.000 2477
2479 3 9313.89 599.89 3464.00 1.000 2478
2480 3 9314.67 599.67 3464.00 1.000 2479
2481 3 9319.33 596.33 3464.00 1.000 2480
2482 3 9324.00 594.00 3464.00 1.000 2481
2483 3 9327.33 590.33 3464.00 1.000 2482
2484 3 9329.22 589.89 3464.67 1.000 2483
2485 3 9331.56 588.89 3465.33 1.000 2484
2486 3 9332.33 588.33 3466.00 1.000 2485
2487 3 9333.00 588.00 3467.00 1.000 2486
2488 3 9333.89 588.00 3469.11 1.000 2487
2489 3 9334.11 587.67 3472.56 1.000 2488
2490 3 9335.56 587.00 3473.44 1.000 2489
2491 3 9336.44 586.33 3474.89 1.000 2490
2492 3 9337.56 586.00 3475.44 1.000 2491
2493 3 9337.89 586.00 3476.11 1.000 2492
2494 3 9338.00 585.67 3477.67 1.000 2493
2495 3 9338.44 585.11 3478.67 1.000 2494
2496 3 9341.67 585.00 3479.33 1.000 2495
2497 3 9342.67 585.00 3480.33 1.000 2496
2498 3 9343.11 584.67 3482.56 1.000 2497
2499 3 9344.00 583.33 3483.33 1.000 2498
2500 3 9345.56 583.00 3484.44 1.000 2499
2501 3 9346.00 583.00 3486.00 1.000 2500
2502 3 9346.11 582.33 3488.22 1.000 2501
2503 3 9347.11 582.00 3488.89 1.000 2502
2504 3 9348.89 581.89 3489.00 1.000 2503
2505 3 9349.56 581.56 3489.00 1.000 2504
2506 3 9349.89 581.00 3489.11 1.000 2505
2507 3 9350.00 580.00 3490.00 1.000 2506
2508 3 9350.33 579.33 3491.00 1.000 2507
2509 3 9351.44 579.00 3492.56 1.000 2508
2510 3 9353.22 578.33 3493.11 1.000 2509
2511 3 9355.22 576.89 3494.67 1.000 2510
2512 3 9357.78 575.67 3495.89 1.000 2511
2513 3 9359.22 574.33 3496.11 1.000 2512
2514 3 9359.78 574.11 3496.33 1.000 2513
2515 3 9362.67 574.00 3497.33 1.000 2514
2516 3 9364.33 574.00 3498.67 1.000 2515
2517 3 9368.67 574.00 3499.33 1.000 2516
2518 3 9369.67 574.00 3500.33 1.000 2517
2519 3 9370.11 574.00 3502.89 1.000 2518
2520 3 9370.67 574.44 3503.89 1.000 2519
2521 3 9371.00 575.67 3504.33 1.000 2520
2522 3 9371.00 576.67 3505.33 1.000 2521
2523 3 9371.00 579.67 3510.33 1.000 2522
2524 3 9371.00 585.00 3510.00 1.000 2523
2525 3 9293.21 607.29 3457.36 2.000 2424
2526 3 9291.71 607.07 3463.07 3.000 2525
2527 3 9291.67 606.17 3465.33 2.000 2526
2528 3 9291.64 604.21 3467.21 3.000 2527
2529 3 9291.58 602.50 3470.33 2.000 2528
2530 3 9291.60 602.00 3472.80 2.000 2529
2531 3 9290.45 601.44 3476.22 2.000 2530
2532 3 9291.43 599.50 3477.21 2.000 2531
2533 3 9290.53 598.23 3479.35 2.000 2532
2534 3 9291.45 596.78 3482.11 2.000 2533
2535 3 9291.50 595.88 3485.13 2.000 2534
2536 3 9290.67 594.13 3487.13 3.000 2535
2537 3 9292.70 591.68 3490.02 3.000 2536
2538 3 9294.18 589.59 3492.68 3.000 2537
2539 3 9293.47 588.00 3495.35 2.000 2538
2540 3 9292.64 585.36 3497.46 3.000 2539
2541 3 9291.69 583.54 3498.00 3.000 2540
2542 3 9291.22 581.61 3501.17 3.000 2541
2543 3 9290.82 578.36 3505.09 3.000 2542
2544 3 9290.90 577.20 3508.20 3.000 2543
2545 3 9292.58 577.33 3510.25 2.000 2544
2546 3 9292.38 575.44 3513.38 3.000 2545
2547 3 9292.21 575.57 3515.79 3.000 2546
2548 3 9292.70 573.23 3519.55 4.000 2547
2549 3 9295.50 570.50 3522.16 4.000 2548
2550 3 9297.51 567.14 3523.00 4.000 2549
2551 3 9300.18 565.44 3523.02 4.000 2550
2552 3 9300.00 564.38 3527.50 4.000 2551
2553 3 9303.02 563.24 3527.49 3.000 2552
2554 3 9306.53 563.18 3527.35 3.000 2553
2555 3 9309.15 563.08 3528.62 3.000 2554
2556 3 9311.50 562.25 3529.50 3.000 2555
2557 3 9313.93 561.48 3531.96 3.000 2556
2558 3 9315.65 563.00 3535.76 4.000 2557
2559 3 9315.64 564.50 3539.07 3.000 2558
2560 3 9316.77 564.31 3541.15 3.000 2559
2561 3 9316.59 567.35 3542.12 3.000 2560
2562 3 9315.25 567.25 3545.25 2.000 2561
2563 3 9314.33 571.33 3548.00 1.000 2562
2564 3 9313.89 572.67 3549.22 1.000 2563
2565 3 9313.11 573.44 3550.67 1.000 2564
2566 3 9313.00 574.56 3551.33 1.000 2565
2567 3 9313.00 575.00 3552.00 1.000 2566
2568 3 9281.00 615.00 3452.00 1.000 2420
2569 3 9281.11 617.00 3453.89 1.000 2568
2570 3 9282.89 618.78 3454.33 1.000 2569
2571 3 9283.11 619.67 3455.22 1.000 2570
2572 3 9283.89 620.67 3456.44 1.000 2571
2573 3 9284.29 622.14 3459.12 1.000 2572
2574 3 9284.88 622.76 3459.91 1.000 2573
2575 3 9286.64 624.27 3461.05 1.000 2574
2576 3 9291.00 628.67 3462.33 1.000 2575
2577 3 9296.44 629.07 3462.93 1.000 2576
2578 3 9299.11 629.89 3463.00 1.000 2577
2579 3 9301.89 630.11 3463.00 1.000 2578
2580 3 9305.00 631.00 3463.00 1.000 2579
2581 3 9309.89 631.11 3463.00 1.000 2580
2582 3 9312.11 632.00 3462.11 1.000 2581
2583 3 9315.89 632.00 3461.89 1.000 2582
2584 3 9319.00 632.00 3461.00 1.000 2583
2585 3 9330.00 632.00 3461.00 1.000 2584
2586 3 9333.11 632.89 3461.00 1.000 2585
2587 3 9335.89 633.11 3461.00 1.000 2586
2588 3 9338.11 633.89 3461.00 1.000 2587
2589 3 9339.89 634.00 3461.11 1.000 2588
2590 3 9341.22 634.00 3461.78 1.000 2589
2591 3 9342.44 634.00 3463.56 1.000 2590
2592 3 9343.11 634.00 3463.89 1.000 2591
2593 3 9345.89 634.11 3464.00 1.000 2592
2594 3 9348.00 634.89 3464.11 1.000 2593
2595 3 9350.11 635.00 3465.89 1.000 2594
2596 3 9353.11 635.89 3466.00 1.000 2595
2597 3 9355.00 636.00 3466.00 1.000 2596
2598 3 9358.11 636.00 3466.89 1.000 2597
2599 3 9362.89 636.00 3467.11 1.000 2598
2600 3 9366.67 636.00 3468.33 1.000 2599
2601 3 9371.33 636.00 3471.67 1.000 2600
2602 3 9373.67 636.00 3472.33 1.000 2601
2603 3 9378.22 636.00 3474.78 1.000 2602
2604 3 9379.44 636.00 3476.56 1.000 2603
2605 3 9382.56 637.44 3478.00 1.000 2604
2606 3 9382.89 638.00 3478.11 1.000 2605
2607 3 9383.11 640.00 3478.89 1.000 2606
2608 3 9383.67 641.22 3479.11 1.000 2607
2609 3 9384.00 642.33 3480.56 1.000 2608
2610 3 9384.00 643.00 3481.00 1.000 2609
2611 3 9292.11 632.56 3465.33 1.000 2576
2612 3 9292.44 632.89 3465.67 1.000 2611
2613 3 9293.56 633.00 3466.44 1.000 2612
2614 3 9293.89 633.00 3467.11 1.000 2613
2615 3 9294.11 633.33 3470.56 1.000 2614
2616 3 9295.11 635.56 3471.33 1.000 2615
2617 3 9295.44 635.89 3471.67 1.000 2616
2618 3 9296.67 636.00 3472.33 1.000 2617
2619 3 9297.67 636.00 3473.33 1.000 2618
2620 3 9298.00 636.44 3474.55 1.000 2619
2621 3 9298.00 637.56 3475.44 1.000 2620
2622 3 9298.00 637.89 3476.11 1.000 2621
2623 3 9298.33 638.00 3477.67 1.000 2622
2624 3 9299.22 638.11 3478.67 1.000 2623
2625 3 9301.56 639.00 3479.44 1.000 2624
2626 3 9302.33 639.11 3481.56 1.000 2625
2627 3 9303.33 639.89 3482.78 1.000 2626
2628 3 9303.89 640.11 3484.00 1.000 2627
2629 3 9304.00 640.78 3485.22 1.000 2628
2630 3 9304.33 641.67 3486.00 1.000 2629
2631 3 9305.33 642.00 3487.67 1.000 2630
2632 3 9311.56 642.00 3492.44 1.000 2631
2633 3 9312.33 642.11 3493.56 1.000 2632
2634 3 9314.00 645.00 3494.00 1.000 2633
2635 3 9315.78 648.33 3498.00 1.000 2634
2636 3 9316.00 649.67 3500.33 1.000 2635
2637 3 9316.11 650.00 3501.89 1.000 2636
2638 3 9316.89 650.33 3503.78 1.000 2637
2639 3 9317.00 651.67 3506.33 1.000 2638
2640 3 9317.00 652.11 3508.89 1.000 2639
2641 3 9317.11 652.89 3511.00 1.000 2640
2642 3 9318.67 653.00 3514.33 1.000 2641
2643 3 9319.00 653.00 3516.00 1.000 2642
2644 3 9319.00 653.33 3517.67 1.000 2643
2645 3 9319.67 654.11 3519.22 1.000 2644
2646 3 9320.00 655.00 3520.00 1.000 2645
2647 3 9320.11 657.56 3521.33 1.000 2646
2648 3 9321.89 659.33 3523.78 1.000 2647
2649 3 9322.67 660.33 3526.00 1.000 2648
2650 3 9324.11 663.67 3529.22 1.000 2649
2651 3 9324.89 664.33 3530.78 1.000 2650
2652 3 9325.00 665.67 3532.33 1.000 2651
2653 3 9325.67 666.11 3534.22 1.000 2652
2654 3 9326.00 666.33 3534.67 1.000 2653
2655 3 9326.78 667.22 3535.00 1.000 2654
2656 3 9329.33 668.67 3535.00 1.000 2655
2657 3 9331.00 669.00 3535.00 1.000 2656
2658 3 9332.56 669.00 3535.44 1.000 2657
2659 3 9333.00 669.44 3536.56 1.000 2658
2660 3 9333.00 670.56 3537.44 1.000 2659
2661 3 9333.00 670.89 3538.11 1.000 2660
2662 3 9333.33 671.11 3539.56 1.000 2661
2663 3 9335.00 672.33 3540.67 1.000 2662
2664 3 9335.89 673.78 3541.33 1.000 2663
2665 3 9336.00 675.33 3542.67 1.000 2664
2666 3 9336.00 678.56 3544.44 1.000 2665
2667 3 9336.00 679.33 3546.67 1.000 2666
2668 3 9336.00 680.44 3548.56 1.000 2667
2669 3 9336.00 682.22 3549.78 1.000 2668
2670 3 9336.00 685.44 3554.56 1.000 2669
2671 3 9336.00 688.00 3556.00 1.000 2670
2672 3 9284.77 625.09 3463.02 1.000 2575
2673 3 9283.33 626.33 3464.00 1.000 2672
2674 3 9283.00 628.00 3464.00 1.000 2673
2675 3 9283.00 629.67 3464.33 1.000 2674
2676 3 9283.00 630.67 3465.33 1.000 2675
2677 3 9283.00 632.35 3468.10 1.000 2676
2678 3 9283.00 636.11 3469.89 1.000 2677
2679 3 9283.33 639.33 3479.00 1.000 2678
2680 3 9279.63 645.25 3479.31 3.000 2679
2681 3 9279.60 647.47 3481.07 3.000 2680
2682 3 9279.50 649.13 3482.25 2.000 2681
2683 3 9278.33 649.33 3484.00 1.000 2682
2684 3 9277.25 651.25 3484.25 1.000 2683
2685 3 9277.67 653.11 3485.11 2.000 2684
2686 3 9276.53 654.23 3487.35 2.000 2685
2687 3 9275.53 655.53 3490.13 3.000 2686
2688 3 9275.33 655.33 3493.00 2.000 2687
2689 3 9275.00 656.50 3494.00 1.000 2688
2690 3 9275.50 658.00 3494.00 2.000 2689
2691 3 9275.33 660.33 3497.00 1.000 2690
2692 3 9275.11 663.22 3499.67 1.000 2691
2693 3 9275.00 666.00 3501.00 1.000 2692
2694 3 9275.00 673.00 3501.00 1.000 2693
2695 3 9274.00 677.00 3501.00 1.000 2694
2696 3 9274.00 682.89 3501.11 1.000 2695
2697 3 9273.11 685.00 3502.11 1.000 2696
2698 3 9273.00 687.67 3503.33 1.000 2697
2699 3 9272.89 688.67 3504.22 1.000 2698
2700 3 9272.33 689.44 3504.89 1.000 2699
2701 3 9272.00 691.67 3505.33 1.000 2700
2702 3 9272.00 692.67 3506.33 1.000 2701
2703 3 9271.89 692.89 3507.00 1.000 2702
2704 3 9271.00 693.00 3508.00 1.000 2703
2705 3 9269.78 693.11 3508.67 1.000 2704
2706 3 9269.33 693.44 3508.89 1.000 2705
2707 3 9269.00 695.00 3509.00 1.000 2706
2708 3 9269.00 696.56 3509.44 1.000 2707
2709 3 9269.00 697.67 3511.33 1.000 2708
2710 3 9269.00 698.67 3515.33 1.000 2709
2711 3 9268.11 699.44 3517.67 1.000 2710
2712 3 9268.00 704.67 3518.33 1.000 2711
2713 3 9268.00 707.22 3520.78 1.000 2712
2714 3 9268.00 709.67 3522.33 1.000 2713
2715 3 9268.00 710.67 3523.33 1.000 2714
2716 3 9268.11 711.00 3525.89 1.000 2715
2717 3 9268.67 711.44 3526.89 1.000 2716
2718 3 9269.00 713.00 3527.00 1.000 2717
2719 3 9269.00 714.67 3527.33 1.000 2718
2720 3 9269.00 717.56 3529.44 1.000 2719
2721 3 9269.00 718.44 3530.56 1.000 2720
2722 3 9269.00 720.56 3531.44 1.000 2721
2723 3 9269.00 721.44 3532.56 1.000 2722
2724 3 9268.00 725.00 3535.00 1.000 2723
2725 3 9268.33 728.44 3535.00 1.000 2724
2726 3 9268.78 729.78 3535.00 1.000 2725
2727 3 9269.22 730.78 3535.00 1.000 2726
2728 3 9270.67 732.33 3535.00 1.000 2727
2729 3 9272.22 734.78 3535.00 1.000 2728
2730 3 9273.00 735.67 3534.67 1.000 2729
2731 3 9274.67 736.33 3533.00 1.000 2730
2732 3 9275.33 737.78 3532.11 1.000 2731
2733 3 9276.78 739.22 3532.00 1.000 2732
2734 3 9278.44 741.56 3532.00 1.000 2733
2735 3 9280.00 742.00 3532.00 1.000 2734
2736 3 9285.33 633.00 3472.67 1.000 2677
2737 3 9286.67 633.00 3474.33 1.000 2736
2738 3 9287.00 633.33 3476.67 1.000 2737
2739 3 9287.82 634.41 3479.85 1.000 2738
2740 3 9289.34 636.69 3485.07 3.000 2739
2741 3 9287.59 639.35 3488.12 3.000 2740
2742 3 9288.29 639.64 3491.14 2.000 2741
2743 3 9287.71 640.57 3493.14 2.000 2742
2744 3 9286.50 641.36 3495.29 2.000 2743
2745 3 9284.25 642.25 3495.25 2.000 2744
2746 3 9282.33 643.00 3495.33 1.000 2745
2747 3 9280.75 643.33 3497.08 2.000 2746
2748 3 9279.25 642.25 3499.25 2.000 2747
2749 3 9277.33 643.33 3499.00 2.000 2748
2750 3 9274.75 644.50 3499.00 3.000 2749
2751 3 9272.82 644.36 3500.91 3.000 2750
2752 3 9270.32 647.51 3503.45 3.000 2751
2753 3 9268.56 651.13 3503.38 2.000 2752
2754 3 9266.50 655.27 3503.39 3.000 2753
2755 3 9263.75 657.50 3505.00 3.000 2754
2756 3 9261.73 659.36 3508.00 2.000 2755
2757 3 9259.60 657.93 3511.67 3.000 2756
2758 3 9258.19 659.05 3514.57 3.000 2757
2759 3 9255.85 662.15 3522.08 1.000 2758
2760 3 9255.95 662.39 3526.14 1.000 2759
2761 3 9256.00 665.00 3533.00 1.000 2760
